scope,industry,target,comparison,block,wape_gain_pp,gain_sd,gain_min,gain_max,sse_reduction
4004,대형할인점,amt,leave_one_block_out,1,3.19474291652874,5.55215826003543,-8.18866448788286,9.20696401075262,-0.587508786790136
4004,대형할인점,amt,leave_one_block_out,2,-0.814533739151131,4.1760383428708,-9.38005552400409,3.03683856023937,0.0369581734694241
4004,대형할인점,amt,leave_one_block_out,3,-0.972426700967281,0.912116491449258,-2.59644698206778,0.209661954946994,-0.0120961703348214
4004,대형할인점,amt,leave_one_block_out,4,-9.00053633738548,3.45320730649688,-17.4750436693788,-5.72215645392915,-1.17062155884676
4004,대형할인점,amt,leave_one_block_out,5,-1.68350194870875,1.96442106735616,-6.58574309059528,0.45782852418691,-0.266311748946566
4004,대형할인점,amt,leave_one_block_out,6,1.72487026881126,1.35977697011669,-0.7527724829965,3.8776343591115,-0.0291515785137459
4004,대형할인점,amt,leave_one_block_out,7,-0.136041994067403,1.16000649133681,-2.07975969855886,1.45359455656284,0.0301890726311922
4004,대형할인점,amt,leave_one_block_out,8,-4.52977986849785,3.99710151669495,-13.2067313830124,0.939320848375302,-1.04977530210989
4004,대형할인점,amt,leave_one_block_out,9,-4.17823553367044,4.92561873209825,-12.915436175136,3.22822534955293,-0.903905093774792
4004,대형할인점,amt,sequential,2,1.24123850751228,1.49985443495902,-0.553694175516306,4.41523000919474,0.0264395411172874
4004,대형할인점,amt,sequential,3,-2.19747802945026,1.28573547039376,-4.36303523023985,-0.226113291163721,-0.128215689486947
4004,대형할인점,amt,sequential,4,-3.49292927824699,1.39818792609749,-5.53207801115794,-1.07778105475616,-0.185910235702556
4004,대형할인점,amt,sequential,5,-1.20711896881359,0.718428007076439,-2.40661547262234,-0.466922595086339,-0.0129277158085609
4004,대형할인점,amt,sequential,6,2.0564621986937,1.07480946506116,-0.347821913269519,3.23614561663638,0.0665039655824724
4004,대형할인점,amt,sequential,7,-0.950465907618866,0.800642355811109,-1.91427395274983,0.541568780197466,-0.040357550429543
4004,대형할인점,amt,sequential,8,-0.493803949429478,2.60621372385273,-5.18742637979394,3.45875209964572,-0.0365801836752857
4004,대형할인점,amt,sequential,9,-4.17823553367044,4.92561873209825,-12.915436175136,3.22822534955293,-0.903905093774792
4004,대형할인점,amt,sequential,10,0.212369963968222,1.49102388958284,-2.39143434997028,2.04039286189593,0.0600764759961583
4004,대형할인점,cnt,leave_one_block_out,1,8.40426239879888,3.53863006943222,1.81347174220573,12.4937925021052,0.0840892609861803
4004,대형할인점,cnt,leave_one_block_out,2,-0.586737069909119,2.36351293802757,-5.63571057395119,1.81799353395697,0.00653318217343083
4004,대형할인점,cnt,leave_one_block_out,3,-0.562878987283013,0.297500059538172,-1.01405752730366,0.128309787807968,-0.0174967021531992
4004,대형할인점,cnt,leave_one_block_out,4,-4.35971112070645,1.18002893834034,-6.16180312949119,-2.89203638262785,-0.250886775783717
4004,대형할인점,cnt,leave_one_block_out,5,-0.421086671756521,1.4110986884556,-3.53602005221657,1.15845268657284,-0.0845624007043045
4004,대형할인점,cnt,leave_one_block_out,6,0.506148163185146,1.00518155151142,-0.785980978909684,2.36844540341669,-0.0107843651455733
4004,대형할인점,cnt,leave_one_block_out,7,-0.0492813991018171,0.716497563683374,-1.03782563970513,1.23301879455401,0.00237441549873434
4004,대형할인점,cnt,leave_one_block_out,8,-1.81848070126961,1.59663240534691,-3.68937405887476,0.818118917161736,-0.241193913301791
4004,대형할인점,cnt,leave_one_block_out,9,2.0555313931206,2.88960611180484,-1.81609676798967,5.92981945605384,-0.067658112441662
4004,대형할인점,cnt,sequential,2,4.15936591033563,1.16013687844546,2.46263518635732,5.9514595169425,0.0868400922404118
4004,대형할인점,cnt,sequential,3,-1.63677123343982,0.693394333379124,-2.99603803096363,-0.81675910266964,-0.0901474625315685
4004,대형할인점,cnt,sequential,4,-1.83112594345914,0.807112363743127,-2.86578144664921,-0.87882902200882,-0.0478244420439791
4004,대형할인점,cnt,sequential,5,-0.26205989251074,0.444841169942321,-0.896738208051084,0.395647039703462,-0.00839501135468039
4004,대형할인점,cnt,sequential,6,2.12434011174245,0.837999771946151,0.486089756048258,3.13930339621513,0.0379466776407556
4004,대형할인점,cnt,sequential,7,-1.03946151763465,0.564577122354995,-1.69583065313378,-0.256705120418033,-0.0335703571930565
4004,대형할인점,cnt,sequential,8,-0.160366003585636,1.68317634007968,-2.5978862706414,2.22542867085694,-0.0196080184483366
4004,대형할인점,cnt,sequential,9,2.0555313931206,2.88960611180484,-1.81609676798967,5.92981945605384,-0.067658112441662
4004,대형할인점,cnt,sequential,10,-0.386262123347017,0.661328873917683,-1.83148161277638,0.727411326632965,0.0120164914548678
4004,대형할인점,ticket,leave_one_block_out,1,-0.115875980366839,0.195088819336933,-0.4835734337646,0.144792968316493,-0.0365508533173323
4004,대형할인점,ticket,leave_one_block_out,2,-0.751677125504529,0.553621350837604,-1.51753970725875,-0.0971002354005823,-0.0338910822860313
4004,대형할인점,ticket,leave_one_block_out,3,-0.33383555353037,0.204407038812043,-0.646329160254006,-0.033149506465191,-0.0180389795724117
4004,대형할인점,ticket,leave_one_block_out,4,-1.01611400603219,0.505322756035283,-2.06397175777642,-0.461143823450089,-0.0962407082640661
4004,대형할인점,ticket,leave_one_block_out,5,-0.308745433664882,0.21516779594323,-0.651199962321503,4.29854122296902e-05,-0.0191814329608752
4004,대형할인점,ticket,leave_one_block_out,6,0.782782917922911,0.498453847679064,-0.00808958016569328,1.35069068439533,0.0439329788161228
4004,대형할인점,ticket,leave_one_block_out,7,0.16258856635374,0.197288233591736,-0.239998969834312,0.403888606216979,0.00620794644726933
4004,대형할인점,ticket,leave_one_block_out,8,-0.272925970198934,0.601942523581367,-1.2287743020887,0.887862185855848,-0.0128829479412038
4004,대형할인점,ticket,leave_one_block_out,9,-2.04124932228551,0.799991594642536,-3.42876504433627,-0.871919199377316,-0.124002002009792
4004,대형할인점,ticket,sequential,2,1.35570393378832,0.221096724726473,1.02138737105734,1.65639134456646,0.0339221777267443
4004,대형할인점,ticket,sequential,3,0.579020535220457,0.326603754811025,-0.0978100240230928,0.983259507785572,0.0529592826194773
4004,대형할인점,ticket,sequential,4,-0.286692792826462,0.43878175436698,-0.846509291522482,0.467498188673041,-0.0196554821226929
4004,대형할인점,ticket,sequential,5,0.44293557558977,0.157526019893311,0.230563115141438,0.712957390439031,0.0260814811500688
4004,대형할인점,ticket,sequential,6,0.30823573185097,0.224488245166081,0.0256160205540923,0.823898921876529,0.0473251429825602
4004,대형할인점,ticket,sequential,7,0.0210171004952572,0.185306033867577,-0.356525390998744,0.288653192224467,0.0026220166094712
4004,대형할인점,ticket,sequential,8,0.0124596181485317,0.657939187727484,-0.859411939870253,0.904797964073945,-0.0114648847799089
4004,대형할인점,ticket,sequential,9,-2.04124932228551,0.799991594642536,-3.42876504433627,-0.871919199377316,-0.124002002009792
4004,대형할인점,ticket,sequential,10,-0.218671657320254,0.0885163332428807,-0.421878203904796,-0.120885894602019,-0.0177591852036084
4010,편의점,amt,leave_one_block_out,1,20.6215193590842,0.694544634766668,19.3812961715336,21.6497370880044,0.90368194642933
4010,편의점,amt,leave_one_block_out,2,0.21557542704328,0.174791761300033,-0.0809703565377615,0.426657812268526,0.060641713803945
4010,편의점,amt,leave_one_block_out,3,-0.0669861016337127,0.132264983192949,-0.313127988323665,0.0873447200690144,-0.0463039997462359
4010,편의점,amt,leave_one_block_out,4,-0.203905598869523,0.182209702863272,-0.463203480123955,0.161133033987362,-0.0267955158566466
4010,편의점,amt,leave_one_block_out,5,-0.142340791026933,0.087037354021677,-0.333045629193046,-0.028638091334382,-0.0283312322926883
4010,편의점,amt,leave_one_block_out,6,1.73893509814047,0.40330352025675,0.987689932632208,2.24711375542291,0.301459105862307
4010,편의점,amt,leave_one_block_out,7,-0.0788659584565665,0.0755897008891684,-0.175150060713801,0.0657693127428957,-0.0205868090131622
4010,편의점,amt,leave_one_block_out,8,-0.509703038049575,0.538534770249942,-1.95549662637751,0.0260758544676123,-0.161905015749732
4010,편의점,amt,leave_one_block_out,9,3.10596894187603,0.337012371270806,2.69989616996675,3.61944900874164,0.45776110008214
4010,편의점,amt,sequential,2,3.00345413574286,0.39406741478732,2.50062533368299,3.90165802061054,0.142979230787774
4010,편의점,amt,sequential,3,4.3892537251092,0.336018777129154,3.87682517625583,4.90153771638385,0.385289545187273
4010,편의점,amt,sequential,4,2.45185158976222,0.374280630247511,1.85087107838322,2.85070804062063,0.222257518239187
4010,편의점,amt,sequential,5,0.856717279344956,0.122547546858981,0.708324100639335,1.10338355020344,0.0555601864413418
4010,편의점,amt,sequential,6,0.174164462393949,0.196834100681603,-0.26362163482786,0.395976441524012,0.0380008181464154
4010,편의점,amt,sequential,7,0.0471094176186235,0.10301685132324,-0.0929580765808624,0.204120503550712,0.0462403248324458
4010,편의점,amt,sequential,8,0.588607110462701,0.509169236778881,-0.477314258450054,1.21619988528274,0.082511191305076
4010,편의점,amt,sequential,9,3.10596894187603,0.337012371270806,2.69989616996675,3.61944900874164,0.45776110008214
4010,편의점,amt,sequential,10,-0.227861285346889,0.150592648401495,-0.547429552280593,-0.0780098426350448,-0.0539326367192652
4010,편의점,cnt,leave_one_block_out,1,20.8835262864545,0.722934359693078,19.6472004375349,21.9162402836258,0.902035468160877
4010,편의점,cnt,leave_one_block_out,2,0.0833002027943312,0.265062075798139,-0.307910930474996,0.630213668136068,0.0336000733800732
4010,편의점,cnt,leave_one_block_out,3,-0.0836369265292569,0.125669694627237,-0.26682991617495,0.0782825869575607,-0.0387076146143924
4010,편의점,cnt,leave_one_block_out,4,-0.251277933418001,0.127868253895779,-0.364977865738877,0.00580532779709403,-0.0735428021869875
4010,편의점,cnt,leave_one_block_out,5,0.116288395159198,0.100486333252796,-0.0745673943775851,0.301982362104347,0.0242817540251471
4010,편의점,cnt,leave_one_block_out,6,2.0186926328251,0.41245931659896,1.21450350737188,2.46528127277866,0.357330210942578
4010,편의점,cnt,leave_one_block_out,7,-0.124793565637851,0.10263181442143,-0.272975766959459,0.0649988882341454,-0.0368038755460764
4010,편의점,cnt,leave_one_block_out,8,0.189001664912143,0.512309789387536,-1.0708608129707,0.746134003965294,0.021432331424653
4010,편의점,cnt,leave_one_block_out,9,3.87347324411406,0.311693818739358,3.39921929970958,4.48386684906154,0.5308016514849
4010,편의점,cnt,sequential,2,3.04095718556935,0.473527744207353,2.49859674486502,3.96776335708438,0.113099507345475
4010,편의점,cnt,sequential,3,4.77975737006742,0.441218643231611,4.04861059559819,5.41868651589669,0.388658915071854
4010,편의점,cnt,sequential,4,1.87471247172297,0.43249281205779,1.24267146253227,2.43969921170481,0.132897524814682
4010,편의점,cnt,sequential,5,1.5717600775728,0.156380553886487,1.36086434568319,1.85987346535333,0.127637727418089
4010,편의점,cnt,sequential,6,0.119601893564415,0.250064664758214,-0.209185821622501,0.557406109045278,0.0257990909060455
4010,편의점,cnt,sequential,7,0.0634751689668089,0.230525465213133,-0.224809235679724,0.430003145583194,0.062896848743023
4010,편의점,cnt,sequential,8,1.51043362302752,0.479190441715674,0.797223532948596,2.27519709847248,0.21048150875906
4010,편의점,cnt,sequential,9,3.87347324411406,0.311693818739358,3.39921929970958,4.48386684906154,0.5308016514849
4010,편의점,cnt,sequential,10,-0.276550375815954,0.185463731267121,-0.745424638953583,-0.0903982551164265,-0.0620424405066924
4010,편의점,ticket,leave_one_block_out,1,0.0287639434737704,0.0200941146616109,-7.85026214152051e-05,0.0693683868132226,0.0132234997979484
4010,편의점,ticket,leave_one_block_out,2,0.157983555350242,0.0520202361041696,0.063336116566514,0.230199014074644,0.0570028833977964
4010,편의점,ticket,leave_one_block_out,3,0.0786487074014246,0.0479213473876039,0.000875002606294528,0.155113188455917,0.0270030320619594
4010,편의점,ticket,leave_one_block_out,4,0.122476210977817,0.0355396508764974,0.0625087871363068,0.175596247144912,0.0684705007053489
4010,편의점,ticket,leave_one_block_out,5,0.210414838027099,0.0547540550242685,0.106819152074891,0.292635485665953,0.116985126635808
4010,편의점,ticket,leave_one_block_out,6,-0.0437238744579412,0.0363183746377551,-0.109899030414889,-0.00367463955981071,-0.027695522489805
4010,편의점,ticket,leave_one_block_out,7,-0.00862631106467615,0.0550280430865463,-0.101020728009964,0.0826048914875165,0.0205656807670264
4010,편의점,ticket,leave_one_block_out,8,0.125053266375409,0.0958536572441862,0.00560626543330764,0.302573244064612,0.0319443020605684
4010,편의점,ticket,leave_one_block_out,9,0.282122723081487,0.12013734944476,0.0823563156576064,0.502204757842994,0.139574701961327
4010,편의점,ticket,sequential,2,2.55650432927648,0.0588774499273596,2.46210678603772,2.6523197741238,0.49066267589388
4010,편의점,ticket,sequential,3,0.32160704366136,0.0435325191209622,0.227142211956093,0.374608561482862,0.119659569354728
4010,편의점,ticket,sequential,4,-0.0257119331742829,0.0582122995744414,-0.147944151940777,0.0424201049537623,0.00292052930301155
4010,편의점,ticket,sequential,5,0.150990873385871,0.0445051450948673,0.098092721057836,0.250560096780261,0.0443529466935489
4010,편의점,ticket,sequential,6,-0.0346368252782402,0.0306074978288696,-0.105360847790922,-0.00455218624729123,-0.0258653027178883
4010,편의점,ticket,sequential,7,-0.0530586742798018,0.0335687812397681,-0.118167657221541,-0.018183620131005,0.022858553421978
4010,편의점,ticket,sequential,8,0.2132115815124,0.100883596792031,-0.00267412374243547,0.408326629339465,0.118414651642596
4010,편의점,ticket,sequential,9,0.282122723081487,0.12013734944476,0.0823563156576064,0.502204757842994,0.139574701961327
4010,편의점,ticket,sequential,10,-0.0190484772338909,0.0204478134370792,-0.0656895639318172,0.00143567858246624,-0.00639786192130901
4020,슈퍼마켓,amt,leave_one_block_out,1,12.8128397562555,1.02712790683708,11.2340438200122,14.5817867738332,0.600694205887216
4020,슈퍼마켓,amt,leave_one_block_out,2,-0.434462775780978,0.572220501164688,-1.61351507875506,0.480640832025389,0.0172846920939397
4020,슈퍼마켓,amt,leave_one_block_out,3,-0.0141713248865286,0.300047592185506,-0.519660273429665,0.4588495275378,0.00235333724968568
4020,슈퍼마켓,amt,leave_one_block_out,4,-0.244379059774957,0.439230855432171,-1.02067210742438,0.486658415380478,-0.0558180829325941
4020,슈퍼마켓,amt,leave_one_block_out,5,-0.335755779926807,0.261971573792653,-0.728320227223647,0.060151312564008,-0.0389087030236306
4020,슈퍼마켓,amt,leave_one_block_out,6,0.714811998410759,0.511587707703418,-0.0498790464518839,1.5823587517175,0.0542840292271733
4020,슈퍼마켓,amt,leave_one_block_out,7,-0.166685737779612,0.344956168149122,-0.67005487429852,0.557097212880578,-0.00750478585298143
4020,슈퍼마켓,amt,leave_one_block_out,8,-0.649184873877179,0.553311192335603,-1.73706060722268,0.202901963280561,-0.0272113851735159
4020,슈퍼마켓,amt,leave_one_block_out,9,2.44142037207688,0.716569860803665,0.872192705089514,3.69467398407935,0.17908984920971
4020,슈퍼마켓,amt,sequential,2,4.56431493277635,0.303502683171354,3.80613564053535,4.82308054356652,0.246297513506684
4020,슈퍼마켓,amt,sequential,3,1.06990278388137,0.388373147594198,0.584846707672471,2.04732409897275,0.0793515561530543
4020,슈퍼마켓,amt,sequential,4,0.309192784561948,0.433952225535951,-0.306631706047306,1.13129152591847,-0.00496341505590246
4020,슈퍼마켓,amt,sequential,5,1.12326068878622,0.34360755013119,0.694356460275841,1.81878539278693,0.0820673875931977
4020,슈퍼마켓,amt,sequential,6,0.748803753420431,0.272934292997412,0.3441294384183,1.26291227236866,0.0422685348479548
4020,슈퍼마켓,amt,sequential,7,0.410630773319076,0.297826629373353,0.0271237378286271,1.04378396662009,0.0285296974160705
4020,슈퍼마켓,amt,sequential,8,-1.12522811651091,0.411686978059847,-1.90208494046671,-0.25309515378163,0.00645324672983401
4020,슈퍼마켓,amt,sequential,9,2.44142037207688,0.716569860803665,0.872192705089514,3.69467398407935,0.17908984920971
4020,슈퍼마켓,amt,sequential,10,-0.170039110092359,0.183975198194955,-0.460614511748542,0.0885927645027595,0.0141521566220212
4020,슈퍼마켓,cnt,leave_one_block_out,1,13.5519125052232,1.07142352528877,11.3506522809293,14.9506905095842,0.66066092499187
4020,슈퍼마켓,cnt,leave_one_block_out,2,-0.311589706877386,0.72237828473986,-1.41321950658845,0.873818850761021,-0.041053280507532
4020,슈퍼마켓,cnt,leave_one_block_out,3,-0.0289995866308337,0.23866905029763,-0.412259318249275,0.434316893100489,-0.00032957504950113
4020,슈퍼마켓,cnt,leave_one_block_out,4,-0.583112018302261,0.636071985088163,-1.52166392103876,0.328085907183354,-0.108485339396075
4020,슈퍼마켓,cnt,leave_one_block_out,5,-0.231277379505295,0.226879405577587,-0.693840625905043,0.132141192540255,-0.0269035009380099
4020,슈퍼마켓,cnt,leave_one_block_out,6,0.73142844771569,0.524984887130206,-0.268189940708019,1.37638902777896,0.0479779185033496
4020,슈퍼마켓,cnt,leave_one_block_out,7,-0.344050815784054,0.155287093603565,-0.591097696533768,-0.0711758275990793,-0.00925695453655073
4020,슈퍼마켓,cnt,leave_one_block_out,8,-0.044820196674207,0.587295175625053,-0.890409230081454,1.0444284651795,-0.0357723059166219
4020,슈퍼마켓,cnt,leave_one_block_out,9,3.73899593784295,0.724150071767721,2.79138349396138,4.84494135025929,0.315527533629373
4020,슈퍼마켓,cnt,sequential,2,4.04024771180576,0.302207552635141,3.583829700282,4.41960031767227,0.211158444275929
4020,슈퍼마켓,cnt,sequential,3,0.517073658164613,0.379220542581048,-0.0663103291330625,1.12899937726741,0.0193755839768679
4020,슈퍼마켓,cnt,sequential,4,0.365200489557639,0.508071537336068,-0.487109427378818,1.15581367940463,0.0168085298339827
4020,슈퍼마켓,cnt,sequential,5,4.8947907816768,0.428986850980544,4.23083799947995,5.54918544901856,0.284778974709017
4020,슈퍼마켓,cnt,sequential,6,0.514130018878712,0.143380489522964,0.208462101883944,0.733797281681459,0.0125375444482106
4020,슈퍼마켓,cnt,sequential,7,0.981027485870682,0.279646828170981,0.601242818135239,1.53867326501069,0.0658297158290082
4020,슈퍼마켓,cnt,sequential,8,0.847221613516001,0.592855194319206,-0.202383075630103,1.65713358649547,0.0878565972807052
4020,슈퍼마켓,cnt,sequential,9,3.73899593784295,0.724150071767721,2.79138349396138,4.84494135025929,0.315527533629373
4020,슈퍼마켓,cnt,sequential,10,-0.288604004151618,0.177906552542087,-0.593995026614122,0.00643721384110119,-0.00130542874036691
4020,슈퍼마켓,ticket,leave_one_block_out,1,-0.0617936920009032,0.0543442031991694,-0.201361496434049,-0.00720936271914607,-0.00870808862998891
4020,슈퍼마켓,ticket,leave_one_block_out,2,0.0704721085318236,0.216402885825104,-0.331342536295692,0.345142342796495,0.0176412231622843
4020,슈퍼마켓,ticket,leave_one_block_out,3,0.0284968944878822,0.0598902750775608,-0.0734435939080791,0.129409706071668,-0.00427284891879991
4020,슈퍼마켓,ticket,leave_one_block_out,4,-0.21553657058949,0.098228522334507,-0.411755870989428,-0.0834307254741262,-0.0301506167202179
4020,슈퍼마켓,ticket,leave_one_block_out,5,0.154491483248549,0.109544487797428,-0.00718625609172074,0.322335211704108,0.0202123982934079
4020,슈퍼마켓,ticket,leave_one_block_out,6,-0.210178795466578,0.125545035591376,-0.451657979751854,-0.053309830722939,-0.0261799304714461
4020,슈퍼마켓,ticket,leave_one_block_out,7,-0.139560012036694,0.0608199634945338,-0.21986839315383,-0.0481206998894146,-0.0196028387652874
4020,슈퍼마켓,ticket,leave_one_block_out,8,0.116612846272161,0.218943604552097,-0.241606155384183,0.336259859851276,-0.00391420893798358
4020,슈퍼마켓,ticket,leave_one_block_out,9,0.949335496900719,0.398010895915345,0.350090561899397,1.45339994398546,0.10004349269225
4020,슈퍼마켓,ticket,sequential,2,2.35603361051502,0.135028772599913,2.2030277845096,2.63314357845372,0.210158781465696
4020,슈퍼마켓,ticket,sequential,3,0.180169097477896,0.102572970023511,-0.0163519289040098,0.335511476037378,0.021145429609582
4020,슈퍼마켓,ticket,sequential,4,-0.386874070310484,0.168302971253917,-0.684890752988279,-0.0982969659220456,-0.0442917832038634
4020,슈퍼마켓,ticket,sequential,5,1.11474696607369,0.196425208181426,0.762245264160352,1.45941087136935,0.103279665129772
4020,슈퍼마켓,ticket,sequential,6,-0.0264857804197427,0.108896079336472,-0.195557466139257,0.104814010552981,0.00101441594401985
4020,슈퍼마켓,ticket,sequential,7,-0.157085411401137,0.149115475581849,-0.461678747739616,0.038673781353768,-0.000876901285551124
4020,슈퍼마켓,ticket,sequential,8,1.52121766547936,0.212996830203232,1.03797927817343,1.72153026240582,0.139552325352992
4020,슈퍼마켓,ticket,sequential,9,0.949335496900719,0.398010895915345,0.350090561899397,1.45339994398546,0.10004349269225
4020,슈퍼마켓,ticket,sequential,10,-0.0745850687534197,0.0945007667430833,-0.326376201603676,0.00431575192507694,-0.0103253655019436
8001,일반한식,amt,leave_one_block_out,1,21.760967565777,0.919893154365447,19.5288556001643,22.9082664841064,0.907161104805697
8001,일반한식,amt,leave_one_block_out,2,-0.251168304198185,0.189134511363754,-0.509838194524626,0.116152357451965,-0.043324210292972
8001,일반한식,amt,leave_one_block_out,3,-0.254458262341459,0.253151508447242,-0.743978921295478,0.0410642440200948,0.00643058926337403
8001,일반한식,amt,leave_one_block_out,4,0.156291476538899,0.362995576038975,-0.256576968247341,0.825622394962959,0.0256576449323154
8001,일반한식,amt,leave_one_block_out,5,1.09726101839906,0.185282724262945,0.89426620975297,1.51569100202239,0.148452463945137
8001,일반한식,amt,leave_one_block_out,6,0.665746401850481,0.146573254876868,0.45899328877642,0.947064688507687,0.119743734240444
8001,일반한식,amt,leave_one_block_out,7,-0.0861973703549163,0.132347020896359,-0.307662126384003,0.0617284241315033,-0.00801177281501622
8001,일반한식,amt,leave_one_block_out,8,-0.0912559936305875,0.353194645368404,-0.674719549823145,0.386714372810175,0.00880244922075618
8001,일반한식,amt,leave_one_block_out,9,4.52924892455206,0.564408410961113,3.85302435364831,5.35689888371689,0.518771586419789
8001,일반한식,amt,sequential,2,1.36869264692821,0.391151004612896,0.669790618481386,1.83051009784929,0.100151648716969
8001,일반한식,amt,sequential,3,6.00317475190434,0.326609576995717,5.36573821254335,6.39659202858331,0.363255434881524
8001,일반한식,amt,sequential,4,3.64092633361207,0.227245764223021,3.38317757500126,3.95751134549251,0.292547215491945
8001,일반한식,amt,sequential,5,1.70889697127556,0.35522329713446,1.24805531677054,2.29266318771326,0.162786202330533
8001,일반한식,amt,sequential,6,-0.139925647593128,0.0993590905490778,-0.282467786437879,0.00172968434908605,-0.0277890863518625
8001,일반한식,amt,sequential,7,0.0724248163463612,0.137202438785892,-0.0752718465947599,0.368140801006897,0.0216022039103831
8001,일반한식,amt,sequential,8,1.84397920870882,0.386885623203128,1.18869092490061,2.46682800989417,0.191694216488356
8001,일반한식,amt,sequential,9,4.52924892455206,0.564408410961113,3.85302435364831,5.35689888371689,0.518771586419789
8001,일반한식,amt,sequential,10,-0.0126877743133745,0.064711820442721,-0.130654276096887,0.102139386536464,0.0077572447874274
8001,일반한식,cnt,leave_one_block_out,1,21.1080999543287,0.905421307111003,19.3677830062936,22.3462276260464,0.875856018798143
8001,일반한식,cnt,leave_one_block_out,2,0.471632392130498,0.393168379794282,-0.0628126076686997,0.968001482957059,0.0705855714498836
8001,일반한식,cnt,leave_one_block_out,3,-0.206952072726459,0.129146348156023,-0.408137149421481,-0.00121164564293452,-0.0303944507007798
8001,일반한식,cnt,leave_one_block_out,4,0.330706685894119,0.302687282079974,0.0299973458115443,1.00249341944958,0.0476262532421782
8001,일반한식,cnt,leave_one_block_out,5,1.80335764049892,0.474199341251872,0.916377494806947,2.74830201140628,0.241639392233501
8001,일반한식,cnt,leave_one_block_out,6,1.19747830075909,0.235419225126503,0.854992773088023,1.59753101988298,0.158096296241778
8001,일반한식,cnt,leave_one_block_out,7,0.229707882810829,0.203553650312203,-0.134302177846107,0.496114213643628,0.0263944639912918
8001,일반한식,cnt,leave_one_block_out,8,-0.0596879794143942,0.298035006705253,-0.651307601340984,0.449577217782621,-0.0227206146487377
8001,일반한식,cnt,leave_one_block_out,9,4.18413174452537,0.901196269922757,2.98445976772639,6.3380042496887,0.44491669163672
8001,일반한식,cnt,sequential,2,0.616588676729827,0.577550107151467,-0.503048828160135,1.37412173583258,0.0736582996155755
8001,일반한식,cnt,sequential,3,6.23253560659948,0.608476817087811,5.08839925632776,6.98735682101788,0.343397228352184
8001,일반한식,cnt,sequential,4,2.17667456302868,0.203215348137166,1.80877193805729,2.46891683054049,0.19171576933241
8001,일반한식,cnt,sequential,5,1.86891239197688,0.36379828005585,1.24043377664222,2.49700733395354,0.194627988007363
8001,일반한식,cnt,sequential,6,-0.204814664942939,0.221850710778348,-0.539325786751113,0.165098557974738,-0.0835178203741977
8001,일반한식,cnt,sequential,7,0.355123227858135,0.206014658606095,0.0883158195031486,0.668026457742979,0.0757495627682662
8001,일반한식,cnt,sequential,8,1.62359053347093,0.433613305172946,1.04603611038503,2.39861615903353,0.166243677846482
8001,일반한식,cnt,sequential,9,4.18413174452537,0.901196269922757,2.98445976772639,6.3380042496887,0.44491669163672
8001,일반한식,cnt,sequential,10,-0.12370077013191,0.0821897914033725,-0.311209808412255,-0.0491641158012784,-0.0123374877770108
8001,일반한식,ticket,leave_one_block_out,1,-0.0857449044566397,0.0804275133369151,-0.231251471707183,0.0042117548332804,-0.00597957366283164
8001,일반한식,ticket,leave_one_block_out,2,-0.277189428062856,0.133467620917055,-0.434410721518655,-0.0787119108944662,-0.0598055457463456
8001,일반한식,ticket,leave_one_block_out,3,0.312955149052053,0.187274144088232,-0.0306351248521908,0.57293901994889,0.0412126573022814
8001,일반한식,ticket,leave_one_block_out,4,1.29917540496746,0.348730460490255,0.748349263293019,1.88274965328828,0.191521544166758
8001,일반한식,ticket,leave_one_block_out,5,0.223621863676721,0.181654893952338,-0.0733338653115867,0.480785619768923,0.0516236583347883
8001,일반한식,ticket,leave_one_block_out,6,-0.0195672392792529,0.100253439599317,-0.180927000673217,0.134425676801592,0.00264119344217013
8001,일반한식,ticket,leave_one_block_out,7,-0.0663449268302804,0.103150967548244,-0.243610293728361,0.107778529803457,-0.0126779092382968
8001,일반한식,ticket,leave_one_block_out,8,-0.576452957780321,0.214709460034224,-0.886856100280681,-0.261863303997165,-0.0760976877148164
8001,일반한식,ticket,leave_one_block_out,9,-0.0538972618177291,0.15631950217351,-0.219038471065161,0.189964178647342,-0.0191416393267405
8001,일반한식,ticket,sequential,2,0.497023211689021,0.131654918575792,0.214901443452828,0.667947311485476,-0.0229711860144427
8001,일반한식,ticket,sequential,3,-0.139009847699598,0.0492693462434997,-0.211083549527941,-0.0453219084290135,0.0217881016598937
8001,일반한식,ticket,sequential,4,1.07644331510893,0.145575075143579,0.748508997720335,1.29257052252986,0.167219513585353
8001,일반한식,ticket,sequential,5,0.10778318965081,0.0929352632909771,-0.045662059180461,0.280016834720742,0.0290713578497564
8001,일반한식,ticket,sequential,6,-0.083745648497399,0.065456754996088,-0.187606731844586,0.0406185842872844,0.00918148627872353
8001,일반한식,ticket,sequential,7,-0.0192603386524869,0.134848947380559,-0.28993905332455,0.181264493701988,0.00890839999527178
8001,일반한식,ticket,sequential,8,-0.501713681779523,0.174724453138324,-0.808697477765793,-0.208800771262127,-0.0538505388913365
8001,일반한식,ticket,sequential,9,-0.0538972618177291,0.15631950217351,-0.219038471065161,0.189964178647342,-0.0191416393267405
8001,일반한식,ticket,sequential,10,-0.0766998353080839,0.093617410720079,-0.201180476318696,0.0652719062039731,0.00347536444919341
8002,갈비전문점,amt,leave_one_block_out,1,59.3040577220811,95.4352709516865,14.0182504808222,328.964167296762,0.569900172323271
8002,갈비전문점,amt,leave_one_block_out,2,-6.97575266113926,28.4661613359004,-78.1196959338043,22.4964291542958,-0.9300359589763
8002,갈비전문점,amt,leave_one_block_out,3,-3.08031259866733,5.35314472663597,-13.1455359503029,2.8348761037718,-0.14059954044349
8002,갈비전문점,amt,leave_one_block_out,4,26.3540693311296,22.8035597750133,-2.38757146353932,63.8106450259046,0.420212757667157
8002,갈비전문점,amt,leave_one_block_out,5,7.06946174177214,13.4511205926362,-2.45998633563316,43.4246878864065,0.0944086693509179
8002,갈비전문점,amt,leave_one_block_out,6,-0.6127124641195,3.94543752444861,-7.12822895612208,5.49866058644684,0.0456802027668228
8002,갈비전문점,amt,leave_one_block_out,7,-11.5892056713881,32.1473558441027,-102.062634494852,6.31900773990878,-0.992476501469881
8002,갈비전문점,amt,leave_one_block_out,8,-32.5992207903261,45.4515492338477,-156.624428842957,-1.52276244494478,-13.546494591247
8002,갈비전문점,amt,leave_one_block_out,9,85.5985665612868,58.9108013679366,11.3426680707948,165.316431119279,0.687751953749086
8002,갈비전문점,amt,sequential,2,-9.34579403634132,3.57615772892704,-15.1223101788514,-5.04122699283929,-0.183979964105079
8002,갈비전문점,amt,sequential,3,4.06340891393688,4.68597524636699,-5.46620711454764,9.65049920921315,-0.00572035914222198
8002,갈비전문점,amt,sequential,4,-15.856196525666,11.4897359531699,-33.0206096351069,2.61786034699326,-0.817171814494132
8002,갈비전문점,amt,sequential,5,-2.19169206116453,1.58276634116544,-5.38426043769491,-0.0437002036942524,-0.040964992447618
8002,갈비전문점,amt,sequential,6,4.78733358182729,5.78647329878435,-6.69323176652497,14.7922280593659,0.0844645054274395
8002,갈비전문점,amt,sequential,7,2.82011785730543,8.32250144392787,-13.511081103049,14.8609254050936,-0.0318956885847186
8002,갈비전문점,amt,sequential,8,-97.9383074137641,66.2849306326069,-191.884218215694,-4.48055114230861,-28.3169808226895
8002,갈비전문점,amt,sequential,9,85.5985665612868,58.9108013679366,11.3426680707948,165.316431119279,0.687751953749086
8002,갈비전문점,amt,sequential,10,-1.64850240275558,16.4960221116213,-43.869691377726,17.0844181810516,0.0538206448108854
8002,갈비전문점,cnt,leave_one_block_out,1,43.6142814296236,56.7367189873606,12.3887607835779,202.676531042556,0.580058122886771
8002,갈비전문점,cnt,leave_one_block_out,2,-2.89175140564554,11.3065035934963,-25.0678513547969,16.4524965871022,-0.430984397385077
8002,갈비전문점,cnt,leave_one_block_out,3,-2.68816242940388,3.44102564351145,-10.8767434289011,1.85987399974621,-0.133806241562304
8002,갈비전문점,cnt,leave_one_block_out,4,22.0798256310925,17.708404125837,3.68871198306874,57.5722904571603,0.366143430171073
8002,갈비전문점,cnt,leave_one_block_out,5,0.0178387157425286,3.37930398990054,-3.6558015461656,7.70114757826104,-0.0219398718393296
8002,갈비전문점,cnt,leave_one_block_out,6,-2.08213720088893,4.76725027222485,-14.9502630996814,2.30114376583748,0.0055431217553926
8002,갈비전문점,cnt,leave_one_block_out,7,-6.02134163778672,15.9351099155277,-50.4971065530882,3.28297865727133,-0.500576864361047
8002,갈비전문점,cnt,leave_one_block_out,8,-20.85293774903,25.290380371786,-89.3260781975115,-0.397909740772096,-5.97825864737009
8002,갈비전문점,cnt,leave_one_block_out,9,50.4710490651365,28.9899449043148,16.0206135397988,92.161001585522,0.671607606566908
8002,갈비전문점,cnt,sequential,2,-6.24022379886115,2.93226081343864,-11.3561365146592,-1.72850285711373,-0.108634012501143
8002,갈비전문점,cnt,sequential,3,3.53253348981727,3.83773578244304,-3.74066886967827,8.15026750016557,-0.028802472292496
8002,갈비전문점,cnt,sequential,4,-9.61712747251803,6.55666597590435,-19.5851384703095,0.401548732225154,-0.576993662504428
8002,갈비전문점,cnt,sequential,5,-1.99021948541816,1.43810967401984,-3.89483974847763,-0.158309833320647,-0.0694194712903488
8002,갈비전문점,cnt,sequential,6,2.30833887937786,4.33656205451268,-4.95856656844723,11.1598065680357,-0.0552750576796663
8002,갈비전문점,cnt,sequential,7,-2.02724776063795,3.50227130036883,-6.59503495618985,2.6093640858293,-0.0516995439497469
8002,갈비전문점,cnt,sequential,8,-53.5398647657747,34.9289768767408,-93.8455243424227,14.0013258836777,-11.8618804457214
8002,갈비전문점,cnt,sequential,9,50.4710490651365,28.9899449043148,16.0206135397988,92.161001585522,0.671607606566908
8002,갈비전문점,cnt,sequential,10,6.02111223111974,4.0213642109358,2.1995744771473,16.1107518964238,0.250139057549351
8002,갈비전문점,ticket,leave_one_block_out,1,0.0817304809952418,0.696703776345653,-1.00163127501348,1.19658387180464,0.00531202857241998
8002,갈비전문점,ticket,leave_one_block_out,2,-0.118575987241737,2.24316269951075,-2.95300894144689,2.71913321134819,-0.0860794953864429
8002,갈비전문점,ticket,leave_one_block_out,3,-0.99581491083261,0.575070002076601,-2.1654750887911,-0.438034551121452,-0.0377698436569277
8002,갈비전문점,ticket,leave_one_block_out,4,-3.22988812902759,1.87253005368634,-6.61117957623075,-0.96385907650548,-0.334183687145684
8002,갈비전문점,ticket,leave_one_block_out,5,1.09038893812349,1.08598357731813,-0.490896896543758,3.04051862080241,0.0406989700274152
8002,갈비전문점,ticket,leave_one_block_out,6,-0.890016436566571,1.0279133991342,-2.85245679156168,0.27255091635518,-0.0552104216514843
8002,갈비전문점,ticket,leave_one_block_out,7,-1.01531004468589,0.99321758625431,-2.47154216286489,0.427527687703422,-0.062632641150274
8002,갈비전문점,ticket,leave_one_block_out,8,-2.7457540057746,2.34402784268715,-6.83863109442547,2.04533750925739,-0.0315932783790644
8002,갈비전문점,ticket,leave_one_block_out,9,-1.08278658210369,3.28417036406299,-8.28810502413664,3.4851751263979,-0.0529022820058755
8002,갈비전문점,ticket,sequential,2,-1.71881167650989,0.550153509242129,-2.63452838548882,-0.869577992396242,-0.120797178462178
8002,갈비전문점,ticket,sequential,3,0.998142685318207,0.684746738623109,0.234101831746936,2.29615825903116,0.0193933774690195
8002,갈비전문점,ticket,sequential,4,-3.33571262816759,2.14419200869878,-6.95299442386735,-0.929999049423003,-0.427247442372652
8002,갈비전문점,ticket,sequential,5,-0.497199351353295,0.358267395151275,-0.811068149215166,0.232846965350941,-0.0478941459736381
8002,갈비전문점,ticket,sequential,6,-0.645163821214484,0.775276881503429,-2.23283302179892,0.456329912186931,-0.00303692295491929
8002,갈비전문점,ticket,sequential,7,-0.966786789243952,0.797438936632508,-2.08212044812574,0.309063511522267,-0.0865694021364446
8002,갈비전문점,ticket,sequential,8,-3.75429474858954,2.65880223921136,-10.1717716750438,-1.46816113344498,-0.262571111177394
8002,갈비전문점,ticket,sequential,9,-1.08278658210369,3.28417036406299,-8.28810502413664,3.4851751263979,-0.0529022820058755
8002,갈비전문점,ticket,sequential,10,-0.199936505157393,1.17787557893226,-2.52384274488678,1.67929393724608,-0.0239579639783885
8003,한정식,amt,leave_one_block_out,1,3.0938376790141,9.72663075058901,-3.11270091437668,29.9892516540086,0.0445383819727815
8003,한정식,amt,leave_one_block_out,2,0.16380416368951,22.955989018602,-18.8323570234431,62.7646911137519,-0.0553448820631024
8003,한정식,amt,leave_one_block_out,3,-4.32687359284774,9.8964708747118,-31.1108096077376,2.17524542569912,-0.103031749872639
8003,한정식,amt,leave_one_block_out,4,15.4292815444954,32.3487710546158,-68.6898457216366,46.1217652697058,-0.0615683125049403
8003,한정식,amt,leave_one_block_out,5,-5.15658003669049,3.37809230967841,-10.0211841157416,-0.521788936054812,-0.0947082344129851
8003,한정식,amt,leave_one_block_out,6,-1.82462644817049,4.97266443183469,-15.5479336136483,1.65193857499948,-0.0502252151129579
8003,한정식,amt,leave_one_block_out,7,-3.63387097766888,2.97649846668889,-8.0426165019744,1.47397286623572,-0.0727147952785086
8003,한정식,amt,leave_one_block_out,8,-12.4621490744504,34.9062857443128,-110.012974293895,6.20445802090183,-0.951883625477893
8003,한정식,amt,leave_one_block_out,9,25.4857764424247,11.9837705523276,14.5055118677263,52.0472044204047,0.37969469677279
8003,한정식,amt,sequential,2,-8.27335604847439,12.3040589866193,-32.993882021973,6.99406945105346,-0.460615788251958
8003,한정식,amt,sequential,3,-12.0615299279489,12.3964699763255,-34.3604119467437,0.521183982607187,-0.266210499146003
8003,한정식,amt,sequential,4,-165.680449808982,234.962587046404,-808.042232298624,-22.161826102392,-28.672282294968
8003,한정식,amt,sequential,5,43.4152733911586,95.5265586641142,-106.008882598081,274.602982432907,0.129966685786596
8003,한정식,amt,sequential,6,40.6379947915993,64.3343281761209,-9.44563450223936,156.780889430827,0.230910665658811
8003,한정식,amt,sequential,7,26.1144070679123,79.0147214034308,-53.8078201328664,242.437082295974,0.0549332754096313
8003,한정식,amt,sequential,8,36.1238038371095,73.9111908723535,-51.0569291460957,180.859976466323,0.015035651370483
8003,한정식,amt,sequential,9,25.4857764424247,11.9837705523276,14.5055118677263,52.0472044204047,0.37969469677279
8003,한정식,amt,sequential,10,-0.152968439574244,3.7252927642595,-5.01789230257257,9.2902119226959,-0.00840534204307101
8003,한정식,cnt,leave_one_block_out,1,0.738852539618806,1.34735643773991,-0.786735708073205,3.0720696344223,0.0221892740609447
8003,한정식,cnt,leave_one_block_out,2,-2.08783930758017,2.80594697149355,-5.89094513046087,2.50637820133598,0.0201896863099399
8003,한정식,cnt,leave_one_block_out,3,-0.467384932688906,2.15223939455612,-3.65355189543048,3.65132902032227,0.000988154685536147
8003,한정식,cnt,leave_one_block_out,4,2.22371511222948,16.5444742270995,-8.86010628131942,47.8323801466582,0.0439574959981713
8003,한정식,cnt,leave_one_block_out,5,-2.00405000307957,2.24824308955195,-6.01847889600102,2.06908249721262,-0.028504120284383
8003,한정식,cnt,leave_one_block_out,6,-0.0378042322257832,0.909103118655602,-1.64008487551658,1.31783567810031,-0.00819096620487513
8003,한정식,cnt,leave_one_block_out,7,-4.65915163913645,3.45971851785713,-12.354823325868,-0.431235885601389,-0.105173099778279
8003,한정식,cnt,leave_one_block_out,8,-17.0144726698209,7.14253369846749,-28.3985867140959,-6.27092649147313,-0.319100990022665
8003,한정식,cnt,leave_one_block_out,9,35.7203834976418,14.0720124460397,17.7165806363312,59.1501088134011,0.444757571599034
8003,한정식,cnt,sequential,2,1.94510433541463,8.01819573282028,-11.9552799977074,12.009190284233,-0.255063150905745
8003,한정식,cnt,sequential,3,-9.38169950164999,15.3616290692961,-38.3310123036614,3.73811249257385,-0.26327101972404
8003,한정식,cnt,sequential,4,-214.890625764689,303.014586573263,-1022.34191960603,-23.3077210089526,-54.1409523029008
8003,한정식,cnt,sequential,5,99.3698419715681,173.991777032601,-34.0762036941864,569.288146103736,0.375699527904791
8003,한정식,cnt,sequential,6,49.5705094252536,74.8148535795903,-3.40647372239815,218.195845374545,0.276549108498842
8003,한정식,cnt,sequential,7,14.9464366737415,65.1613892463203,-44.0042326190317,188.856484262055,-0.0242941172613634
8003,한정식,cnt,sequential,8,38.7871388782271,69.5892909956468,-52.2380587800397,158.614082771011,0.0803699149954782
8003,한정식,cnt,sequential,9,35.7203834976418,14.0720124460397,17.7165806363312,59.1501088134011,0.444757571599034
8003,한정식,cnt,sequential,10,0.561749169302063,2.62836584966512,-3.28429007723324,5.65648695360063,0.0135869274048657
8003,한정식,ticket,leave_one_block_out,1,-0.0580130616799324,1.55109568279504,-1.69379345969041,2.63586821120058,0.0113929922329793
8003,한정식,ticket,leave_one_block_out,2,-0.247727963904164,5.37465534491087,-9.48381690431559,9.51108432775973,-0.0149523500958496
8003,한정식,ticket,leave_one_block_out,3,-1.91849809695668,3.07149107466387,-8.04987256133685,1.32937640508374,-0.0395606831328156
8003,한정식,ticket,leave_one_block_out,4,6.23183846589642,18.5174541702017,-36.6268855895907,32.8948626230811,0.0371725157062821
8003,한정식,ticket,leave_one_block_out,5,-1.23465531255828,3.15466155852888,-9.5441297289672,0.635281178013425,-0.0185355094987115
8003,한정식,ticket,leave_one_block_out,6,0.111252058174862,0.672551911572235,-0.618850472983212,1.04280836420367,-0.00957594159540516
8003,한정식,ticket,leave_one_block_out,7,0.0514097971429638,5.08372964134129,-9.4739283292553,11.0106789301151,-0.00703970656976878
8003,한정식,ticket,leave_one_block_out,8,10.7563590862799,11.7929136533108,-18.5092045227376,23.5686188671146,0.152155874549418
8003,한정식,ticket,leave_one_block_out,9,-4.75695214873066,3.34658818739392,-8.90842156624735,0.63259903333206,-0.060415114857932
8003,한정식,ticket,sequential,2,-3.77877166350033,13.4016248362806,-37.0374227675091,7.60415173650449,-0.093806836647744
8003,한정식,ticket,sequential,3,-3.11616991579826,5.40956731039952,-9.5897863314395,10.146794926379,-0.0713300075936899
8003,한정식,ticket,sequential,4,-6.10177928707732,8.25891479835605,-15.889607562844,8.41963921824884,-0.169176426474199
8003,한정식,ticket,sequential,5,-4.41882243685534,5.43440343385646,-15.3416975676243,4.92810057156708,-0.0987663889792328
8003,한정식,ticket,sequential,6,-2.37970670881387,4.30301705649327,-10.5673432881742,2.8167988002581,-0.0383279353195557
8003,한정식,ticket,sequential,7,1.09641634970898,6.69668291681784,-11.0102844133466,12.7204767606927,0.0225584680964705
8003,한정식,ticket,sequential,8,3.41821080216035,12.838521599642,-28.8767615144198,16.3161497409063,0.0671469660794376
8003,한정식,ticket,sequential,9,-4.75695214873066,3.34658818739392,-8.90842156624735,0.63259903333206,-0.060415114857932
8003,한정식,ticket,sequential,10,2.42722159696449,2.91628861169284,-4.474102470389,5.50017744752424,-0.00626269243494301
8004,일식회집,amt,leave_one_block_out,1,16.8238707441326,1.50475390237672,14.6199482257247,18.9079631732447,0.736025185625256
8004,일식회집,amt,leave_one_block_out,2,-0.870312184051945,0.806980402646459,-1.83910696040031,0.747951985698836,0.0403609734309621
8004,일식회집,amt,leave_one_block_out,3,-1.19185447405373,0.841107191812764,-2.75755841270633,-0.352437620151436,-0.277713608703877
8004,일식회집,amt,leave_one_block_out,4,-0.913705014258982,0.879133061535141,-2.42607005697955,0.435327132773611,-0.227540248050073
8004,일식회집,amt,leave_one_block_out,5,0.00583101467521163,0.263010061632771,-0.454210938585398,0.339085166426675,-0.0165936300167852
8004,일식회집,amt,leave_one_block_out,6,12.2002667543402,1.2314746889057,9.93369127843966,14.0579117177664,0.588373680659289
8004,일식회집,amt,leave_one_block_out,7,-0.178522759847134,0.312558575330412,-0.789779591412693,0.359120170089336,-0.00924466555113602
8004,일식회집,amt,leave_one_block_out,8,-1.0325290694046,0.806332830230102,-2.21678102209744,0.122036937408881,0.0134318541625999
8004,일식회집,amt,leave_one_block_out,9,-0.191470279934048,0.714887336687457,-1.11169637062401,1.38196670056409,0.0983979399730944
8004,일식회집,amt,sequential,2,18.0760152886783,0.860995078030893,16.7817365823972,19.3169367482474,0.407121705537689
8004,일식회집,amt,sequential,3,7.82352226495296,1.1184919625091,5.79201050613297,9.24541244563898,0.313388125750789
8004,일식회집,amt,sequential,4,9.3181615483677,1.55314966183269,7.19228956302502,12.2964529805425,-0.00472256147634335
8004,일식회집,amt,sequential,5,-0.117743401949946,0.593246175410775,-0.904008265144679,0.911411646079691,0.0362855482087913
8004,일식회집,amt,sequential,6,12.6709252335621,1.13809449216233,10.9226324163466,13.9739887665714,0.453847929905882
8004,일식회집,amt,sequential,7,0.250063144392833,0.681771803553079,-0.804439190998321,1.10659953717586,0.0639455226209829
8004,일식회집,amt,sequential,8,-0.630050687787204,0.864474675467738,-2.41489231648099,0.72721731544711,0.087933456951008
8004,일식회집,amt,sequential,9,-0.191470279934048,0.714887336687457,-1.11169637062401,1.38196670056409,0.0983979399730944
8004,일식회집,amt,sequential,10,-0.0510540254292083,0.248997515578769,-0.529510150035314,0.369923865207222,0.000448770026073875
8004,일식회집,cnt,leave_one_block_out,1,15.959633996589,1.67749565836314,13.5623342181928,18.9636252172153,0.641291456193964
8004,일식회집,cnt,leave_one_block_out,2,2.2272915823136,1.26035034775665,0.0904061507481735,3.95863992979575,0.380675981224987
8004,일식회집,cnt,leave_one_block_out,3,-1.05609238034755,1.37643017090481,-3.72800334712533,0.564423523376592,-0.444982646811113
8004,일식회집,cnt,leave_one_block_out,4,-1.92190578159446,1.17999794188547,-4.56665997283263,-0.191906880901488,-0.453479050464957
8004,일식회집,cnt,leave_one_block_out,5,0.230385791505594,0.302587075931154,-0.181726358289017,0.875505757753772,-0.0552976887813257
8004,일식회집,cnt,leave_one_block_out,6,7.52712379223841,0.950415717265957,6.04479535206175,9.18170491288754,0.47667154450328
8004,일식회집,cnt,leave_one_block_out,7,0.00579843971469707,0.421726667058201,-0.680860524665003,0.721011663703169,0.0670620226578935
8004,일식회집,cnt,leave_one_block_out,8,-1.0526378719228,0.992752824710679,-2.31853728401954,0.660444611866257,-0.2236481723509
8004,일식회집,cnt,leave_one_block_out,9,-0.395234524441847,1.12802003611652,-2.34590841548235,1.0827783842693,0.0755224985726412
8004,일식회집,cnt,sequential,2,27.2981480654437,1.12903403276569,25.7180900356253,29.4915291421477,0.526848309774831
8004,일식회집,cnt,sequential,3,9.87169933252201,1.22889952195533,8.08327930585735,11.7266127052163,0.46333900287892
8004,일식회집,cnt,sequential,4,6.80678988239171,1.69987618783066,4.56890662389524,9.44230976120465,-0.00427685611909742
8004,일식회집,cnt,sequential,5,0.257111207732996,0.686010757487184,-0.999442037190545,1.3490746305599,0.0709520959583458
8004,일식회집,cnt,sequential,6,6.79641011646933,1.20722188719631,5.25340998480408,8.71150256849464,0.306093665252001
8004,일식회집,cnt,sequential,7,0.271435228408582,0.653251089854284,-0.704565132504398,1.4761405416308,0.0574107760742358
8004,일식회집,cnt,sequential,8,0.680869203399473,1.03550171339958,-1.41415929239086,2.79830556756706,-0.0400635915459403
8004,일식회집,cnt,sequential,9,-0.395234524441847,1.12802003611652,-2.34590841548235,1.0827783842693,0.0755224985726412
8004,일식회집,cnt,sequential,10,-0.0294892682004716,0.234326019578971,-0.391501762426175,0.302677230686973,0.0155901462516857
8004,일식회집,ticket,leave_one_block_out,1,-0.0521863908120632,0.0786478113950544,-0.163064612662989,0.074570715575209,-0.00898730534624739
8004,일식회집,ticket,leave_one_block_out,2,-0.189024596492826,0.360806899779507,-0.738183271812093,0.357236647494807,-0.0335001086856721
8004,일식회집,ticket,leave_one_block_out,3,0.0512294092094101,0.156063971971728,-0.316968400833248,0.272976851974899,-0.00827297927803499
8004,일식회집,ticket,leave_one_block_out,4,-0.176482961431979,0.135417438815921,-0.329332867714605,0.114685384972626,-0.049103911925702
8004,일식회집,ticket,leave_one_block_out,5,0.0507439479804267,0.114251450063827,-0.158599928085498,0.305699607221785,0.011796736507434
8004,일식회집,ticket,leave_one_block_out,6,2.13362500531761,0.430872119052866,1.62654950629972,3.10497922601178,0.191994095471291
8004,일식회집,ticket,leave_one_block_out,7,-0.200034949366671,0.144550903615609,-0.434451788741499,-0.000328204603949889,-0.0179107272830149
8004,일식회집,ticket,leave_one_block_out,8,-0.700655303654921,0.306852877631725,-1.23604178164656,-0.256078443122723,-0.106927383320216
8004,일식회집,ticket,leave_one_block_out,9,-0.0886162593383927,0.385078890916526,-0.78754142573208,0.372073508748999,-0.0601274878828318
8004,일식회집,ticket,sequential,2,2.14199721604798,0.18655831248554,1.88359236810343,2.47504017544581,0.118760501189063
8004,일식회집,ticket,sequential,3,0.0492097718809992,0.0974164293294482,-0.114775979463727,0.214744594267091,0.00370176690643189
8004,일식회집,ticket,sequential,4,0.663787096931108,0.283628186930245,-0.0313520279581453,1.02122449481278,0.062512708527694
8004,일식회집,ticket,sequential,5,-0.0237502380915589,0.153715398094889,-0.336120984995711,0.211761075880004,0.0250567633723445
8004,일식회집,ticket,sequential,6,2.78078026151535,0.188423770762025,2.59496714664307,3.17423299818044,0.285657187221168
8004,일식회집,ticket,sequential,7,-0.0111119834147974,0.0888108423820405,-0.145299869290613,0.116887720235789,-0.00395316414550129
8004,일식회집,ticket,sequential,8,-0.750412577957656,0.244614249682329,-1.17252579024315,-0.356469504564941,-0.118350166358672
8004,일식회집,ticket,sequential,9,-0.0886162593383927,0.385078890916526,-0.78754142573208,0.372073508748999,-0.0601274878828318
8004,일식회집,ticket,sequential,10,-0.105471812748971,0.133054228588162,-0.341648031883618,0.0735589453818991,-0.00341884870899762
8005,중국음식,amt,leave_one_block_out,1,15.2270946793423,1.0403195685587,13.5966292323624,17.1813513967337,0.574665501542182
8005,중국음식,amt,leave_one_block_out,2,-0.588691499522574,0.236350204792508,-0.928519066624256,-0.15006989050908,-0.0641409308040443
8005,중국음식,amt,leave_one_block_out,3,-0.479091754511465,0.234338974031449,-0.714488294494531,-0.00718248167375923,-0.076977916126214
8005,중국음식,amt,leave_one_block_out,4,-1.04748472793119,0.389318306079791,-1.53639580821577,-0.421276006382731,-0.126826127796632
8005,중국음식,amt,leave_one_block_out,5,0.521223428889743,0.176819719884175,0.309466611865067,0.796176772537752,0.0593053519171177
8005,중국음식,amt,leave_one_block_out,6,2.0381248923714,0.575677978276891,0.977049903153088,2.84084850562851,0.0950671688666378
8005,중국음식,amt,leave_one_block_out,7,0.424227658121297,0.408443304984896,-0.0699461610699476,1.06644576496483,0.0711873371619391
8005,중국음식,amt,leave_one_block_out,8,-1.4109642493103,0.470636126254312,-2.40673619273892,-0.507963816216006,-0.152455431123752
8005,중국음식,amt,leave_one_block_out,9,1.77295379329016,0.506901169966046,1.14884877117706,2.53810221194804,0.154165142668449
8005,중국음식,amt,sequential,2,3.62706082508884,0.592339009112344,2.85558396163583,4.7065773582757,0.220938481564745
8005,중국음식,amt,sequential,3,8.29583424036743,0.443009384468134,7.63460947567559,8.87548911997515,0.490161988080043
8005,중국음식,amt,sequential,4,1.20601598842413,0.423370963476174,0.369068877780682,1.78710914143842,0.0267609136439378
8005,중국음식,amt,sequential,5,1.05924806272491,0.142955014223782,0.778265486996887,1.25626307555305,0.0808528477126309
8005,중국음식,amt,sequential,6,1.05882324555643,0.6333415877331,-0.0679599438293738,1.94155110541918,0.0806245183250078
8005,중국음식,amt,sequential,7,-0.710202743424556,0.358299756363818,-1.26935692349357,0.0354328603697329,-0.065194276642791
8005,중국음식,amt,sequential,8,-0.221610341702749,0.774098175126796,-1.85051899683506,1.040713522166,-0.104795396061659
8005,중국음식,amt,sequential,9,1.77295379329016,0.506901169966046,1.14884877117706,2.53810221194804,0.154165142668449
8005,중국음식,amt,sequential,10,-0.0893097351864611,0.111384203342573,-0.275596555253077,0.093924395303488,0.00276650289083572
8005,중국음식,cnt,leave_one_block_out,1,16.3777372572379,0.766441509039827,15.3875597248612,17.355326315515,0.533036024610877
8005,중국음식,cnt,leave_one_block_out,2,-0.460330042025457,0.303685896700888,-0.897374461116238,0.0019665772696742,-0.0266143053449678
8005,중국음식,cnt,leave_one_block_out,3,-0.235671361172967,0.202393223830317,-0.606422302349691,0.0122775483180682,-0.0344595655780345
8005,중국음식,cnt,leave_one_block_out,4,-0.772759998467674,0.408599040470398,-1.23009118203498,0.0454906908786551,-0.0578778459386382
8005,중국음식,cnt,leave_one_block_out,5,0.424094475494914,0.21305213508631,-0.0326633950830046,0.655458328593292,0.0523369776693437
8005,중국음식,cnt,leave_one_block_out,6,1.53069644908131,0.416155374731049,0.976310009013617,2.32422230236863,-0.00513355304081597
8005,중국음식,cnt,leave_one_block_out,7,-0.0831273484224279,0.371199275970765,-0.575092704934135,0.529790748923961,0.0143168131589558
8005,중국음식,cnt,leave_one_block_out,8,-0.65312033433639,0.33775074623856,-1.01013949030659,-0.0154843690510165,-0.0959209132399604
8005,중국음식,cnt,leave_one_block_out,9,1.70645690433091,0.365323814687238,1.05022868790689,2.24810624778602,0.129601473460895
8005,중국음식,cnt,sequential,2,2.7036978963055,0.57138203111488,1.75402150734201,3.27084939448251,0.182150482390067
8005,중국음식,cnt,sequential,3,6.51375650201909,0.615108660496679,5.51623749580521,7.34513169017097,0.333799130868389
8005,중국음식,cnt,sequential,4,0.783886718441433,0.319731559527552,0.393334690512159,1.29730133140891,0.0131349564648368
8005,중국음식,cnt,sequential,5,1.45672263699467,0.156401416278766,1.2054962820093,1.60860585467743,0.0799461399813734
8005,중국음식,cnt,sequential,6,0.378312189019582,0.272670765122171,-0.217910249555126,0.760260087571787,-0.00981247456912024
8005,중국음식,cnt,sequential,7,-0.890503670449002,0.336851802387757,-1.59389279072212,-0.569372733344412,-0.0808098006723264
8005,중국음식,cnt,sequential,8,0.760414796341064,0.428277776977391,0.307158811700897,1.63105659223369,-0.0175556667261362
8005,중국음식,cnt,sequential,9,1.70645690433091,0.365323814687238,1.05022868790689,2.24810624778602,0.129601473460895
8005,중국음식,cnt,sequential,10,-0.10708548280871,0.0693520167273443,-0.228786971225362,-0.0056205498434464,-0.00784926251914039
8005,중국음식,ticket,leave_one_block_out,1,-0.0327442129813869,0.0300040463320945,-0.0892014316366957,0.00721620434450676,-0.0133550463595947
8005,중국음식,ticket,leave_one_block_out,2,-0.0886217614145902,0.14651226387286,-0.270690317998155,0.157316129152744,-0.0220502305863831
8005,중국음식,ticket,leave_one_block_out,3,0.0188788129985697,0.0734049991249354,-0.0859596467004314,0.103195982150783,-0.0105511292232877
8005,중국음식,ticket,leave_one_block_out,4,0.285942775833631,0.198745811758483,-0.0805813254051116,0.690947236530134,0.0758596959024441
8005,중국음식,ticket,leave_one_block_out,5,0.145525283704505,0.0771925938138222,0.0651515407524478,0.296876259522726,0.034995692022289
8005,중국음식,ticket,leave_one_block_out,6,-0.0285810868705752,0.0605764425549265,-0.158454877747082,0.0461094566134759,0.0259805328347527
8005,중국음식,ticket,leave_one_block_out,7,0.0460307929925022,0.0704101964919486,-0.127257946704497,0.106400220212015,0.0118279580836152
8005,중국음식,ticket,leave_one_block_out,8,-0.178349809027194,0.130028373072879,-0.362334961653096,0.0202020349286,-0.0557624259991029
8005,중국음식,ticket,leave_one_block_out,9,0.174184305130818,0.19462490914749,-0.122459462621453,0.60663486834613,0.0120697894267286
8005,중국음식,ticket,sequential,2,0.176587305085678,0.135168684726112,-0.0931403563051839,0.347009259713935,0.0373633593234956
8005,중국음식,ticket,sequential,3,0.103293979685208,0.0409173883451657,0.038916769103213,0.161735753649966,-0.0234393211635118
8005,중국음식,ticket,sequential,4,0.745888022924632,0.0970107097167507,0.588336893994318,0.934137187493878,0.202112659417421
8005,중국음식,ticket,sequential,5,0.173197165292433,0.0685393280577154,0.0685782184968495,0.267530079082169,-0.0068667636341104
8005,중국음식,ticket,sequential,6,-0.0405254457011382,0.0279703108274131,-0.0860494001527198,-0.0130346663290121,-0.00903408892904907
8005,중국음식,ticket,sequential,7,0.0972598151261725,0.0880494883579287,-0.0473531987428416,0.187900275865165,0.0411214411892652
8005,중국음식,ticket,sequential,8,-0.240620038933035,0.181569526127986,-0.646434829283594,-0.0154068331643997,-0.0388604853067031
8005,중국음식,ticket,sequential,9,0.174184305130818,0.19462490914749,-0.122459462621453,0.60663486834613,0.0120697894267286
8005,중국음식,ticket,sequential,10,-0.0274112826050353,0.0560986204459193,-0.0916703294488605,0.0821137121975943,-7.46413477487717e-05
8006,서양음식,amt,leave_one_block_out,1,23.0890774917516,1.87195131417882,20.5097480457906,25.6690433916526,0.744544755437865
8006,서양음식,amt,leave_one_block_out,2,-1.181848295218,0.335335040158639,-1.69436509750279,-0.487965450471584,-0.442984012397125
8006,서양음식,amt,leave_one_block_out,3,-0.397168336457757,0.613811543547216,-1.64491056640624,0.364495228036349,-0.0721811164331626
8006,서양음식,amt,leave_one_block_out,4,-0.524867063339755,0.305206744737444,-0.905759136474127,-0.0900773834591889,-0.124535757892508
8006,서양음식,amt,leave_one_block_out,5,1.21548323811117,0.427707268827115,0.667337134348769,1.91731666955213,0.0359071687956497
8006,서양음식,amt,leave_one_block_out,6,3.46026767231041,0.434804922200127,2.58482016343969,4.00863363224808,0.23366285215528
8006,서양음식,amt,leave_one_block_out,7,-0.19210433074133,0.185122770950495,-0.509908142628818,0.119587806963947,-0.0434955523097528
8006,서양음식,amt,leave_one_block_out,8,-0.281093900837857,0.560512818961776,-1.34598231152889,0.654181160654382,-0.0616442267346669
8006,서양음식,amt,leave_one_block_out,9,2.83391952449521,0.686286832213602,1.79658398299614,3.84186077044923,-0.454877546473221
8006,서양음식,amt,sequential,2,7.24532648371144,0.796653074156985,5.67556312816163,8.39530423368595,0.21452332329677
8006,서양음식,amt,sequential,3,10.570004067445,0.477396586678712,9.89900872392524,11.1306139240749,0.542103908656465
8006,서양음식,amt,sequential,4,4.3965676788663,0.468137053191135,3.6902330910887,5.05300923378641,0.256685554419895
8006,서양음식,amt,sequential,5,3.53032942614333,0.290940630730602,3.11781904553746,4.11381041331766,0.234226894631945
8006,서양음식,amt,sequential,6,2.26977027317081,0.358188529026462,1.69430802332269,2.75264619139563,0.276024831848354
8006,서양음식,amt,sequential,7,0.162215009251307,0.273183633092943,-0.202010234353636,0.501637193922128,0.0516348302110697
8006,서양음식,amt,sequential,8,0.696272260698619,0.761759202558125,-1.11780585005626,1.46737637907862,0.0315551548617977
8006,서양음식,amt,sequential,9,2.83391952449521,0.686286832213602,1.79658398299614,3.84186077044923,-0.454877546473221
8006,서양음식,amt,sequential,10,-0.0989432106601365,0.124223324400537,-0.37291571018454,-0.00152792874320018,-0.00351424846044291
8006,서양음식,cnt,leave_one_block_out,1,22.5896857814372,1.87117135117407,20.096879863731,25.257352154593,0.652544829114051
8006,서양음식,cnt,leave_one_block_out,2,-1.15783602365291,0.601115179355336,-2.5895659761376,-0.517683991281526,-0.357441956210669
8006,서양음식,cnt,leave_one_block_out,3,0.255271913724193,0.597280466585583,-0.892563440864463,0.885243454966808,-0.0356568517392377
8006,서양음식,cnt,leave_one_block_out,4,-0.646017915160459,0.317224607397427,-1.1175499488821,-0.137048700394474,-0.133700288859888
8006,서양음식,cnt,leave_one_block_out,5,1.21694070837727,0.348397870659025,0.633750254250787,1.58265354919884,0.0179174589244694
8006,서양음식,cnt,leave_one_block_out,6,0.881897902262907,0.32537001085358,0.471078537247149,1.63079874738103,0.0635208590522107
8006,서양음식,cnt,leave_one_block_out,7,-0.486099986114232,0.200438963203121,-0.811242190666217,-0.2495335834069,-0.0536716338366099
8006,서양음식,cnt,leave_one_block_out,8,0.898898118110601,0.366743122415453,0.405602697449642,1.56467258451509,0.0559787421828278
8006,서양음식,cnt,leave_one_block_out,9,4.05764653355518,0.869783528812586,2.45171697124209,5.18172134128916,-0.333030382133761
8006,서양음식,cnt,sequential,2,5.7244398400142,0.815916733823889,4.31205310256102,6.88040955019261,0.171759342109326
8006,서양음식,cnt,sequential,3,8.47483507287122,0.52855505412523,7.71860046446919,9.29322197755238,0.511320980751379
8006,서양음식,cnt,sequential,4,1.62813646002254,0.470003609350884,1.04254764441201,2.46261439403138,-0.095972215474883
8006,서양음식,cnt,sequential,5,4.76966392957698,0.297865978227469,4.29809117318626,5.29203353071913,0.243241725374639
8006,서양음식,cnt,sequential,6,0.162512272104806,0.283246575669349,-0.489474089937772,0.460490706063063,0.0482430706016921
8006,서양음식,cnt,sequential,7,0.368675065487833,0.189309932685332,0.148219313368964,0.63754343360326,0.0034535162205138
8006,서양음식,cnt,sequential,8,2.92915314989306,0.742760727722768,1.40926893533077,3.96845720064878,0.196069481771959
8006,서양음식,cnt,sequential,9,4.05764653355518,0.869783528812586,2.45171697124209,5.18172134128916,-0.333030382133761
8006,서양음식,cnt,sequential,10,-0.0918773333684966,0.10633602247653,-0.297888354330089,0.0442995841476446,-0.00868764491823061
8006,서양음식,ticket,leave_one_block_out,1,-0.0372496528638434,0.0337362858203932,-0.104403472636552,0.0056161995906745,-0.00616621937581914
8006,서양음식,ticket,leave_one_block_out,2,-0.26337828925954,0.178142270178436,-0.5311007296337,0.0165259582252816,-0.0840636934627226
8006,서양음식,ticket,leave_one_block_out,3,-0.103822015508622,0.085782762006568,-0.326032434715862,-0.0282944649152031,-0.0271707983619147
8006,서양음식,ticket,leave_one_block_out,4,-0.193106208178972,0.125621627196774,-0.428328557272971,-0.0148997754945923,-0.0386733245765306
8006,서양음식,ticket,leave_one_block_out,5,0.104790171744048,0.0985192442423482,-0.0307163343545178,0.278222918391093,-0.005140783862328
8006,서양음식,ticket,leave_one_block_out,6,0.994508208528814,0.103959169431965,0.783880928248153,1.12211068684527,0.210780160884332
8006,서양음식,ticket,leave_one_block_out,7,-0.0518234183836215,0.045209914036653,-0.119182830315413,0.0338053554045814,-0.0121302846286702
8006,서양음식,ticket,leave_one_block_out,8,-0.07027520847404,0.162974576850903,-0.430082870067106,0.192124495357739,-0.0641067462986865
8006,서양음식,ticket,leave_one_block_out,9,0.0554147484754454,0.233532890853046,-0.190438942100463,0.512152391617164,-0.0541328193671061
8006,서양음식,ticket,sequential,2,0.292519932969173,0.165153942821352,-0.0363906243350864,0.477428711107787,-0.0100306155549998
8006,서양음식,ticket,sequential,3,0.20883788591971,0.0694168243241587,0.0746623352593748,0.309182776856488,0.00638532980675197
8006,서양음식,ticket,sequential,4,1.68963510195824,0.248045875998883,1.2418739304944,2.00331164130876,0.294269582564689
8006,서양음식,ticket,sequential,5,0.488077541122124,0.138967174216247,0.156026865802573,0.682529772012022,0.0406532589755862
8006,서양음식,ticket,sequential,6,0.735769025913877,0.14054027905616,0.491680878448893,0.955848703848676,0.159974600128264
8006,서양음식,ticket,sequential,7,0.310993138824055,0.0724187742491426,0.129259008788023,0.386174061161462,0.0453495455539492
8006,서양음식,ticket,sequential,8,0.0857785894861095,0.197385570399812,-0.191180509463344,0.506425623256811,0.0260793996882914
8006,서양음식,ticket,sequential,9,0.0554147484754454,0.233532890853046,-0.190438942100463,0.512152391617164,-0.0541328193671061
8006,서양음식,ticket,sequential,10,-0.0510721112865738,0.0472959711583125,-0.135170028136224,0.0109544075621679,-0.00836363466024339
8021,스넥,amt,leave_one_block_out,1,18.1739173707303,1.14887975128933,16.4575316278925,19.4694953148771,0.791107149088171
8021,스넥,amt,leave_one_block_out,2,-0.742891929585369,0.37663347923456,-1.25787885815652,-0.0514828916290067,-0.103767672536151
8021,스넥,amt,leave_one_block_out,3,-0.147808775242516,0.360190871577361,-0.932098330264819,0.251278693077481,-0.01598636052008
8021,스넥,amt,leave_one_block_out,4,-0.890753124330199,0.313132529842962,-1.44147609526335,-0.458278576699428,-0.127594133029882
8021,스넥,amt,leave_one_block_out,5,0.877431095907548,0.28993331875563,0.453316451697405,1.25477339972359,0.125019332025881
8021,스넥,amt,leave_one_block_out,6,0.35306533561972,0.219491052866565,0.0325401596257546,0.650498294003093,0.0412249408234986
8021,스넥,amt,leave_one_block_out,7,-0.0797638519138483,0.16443227533234,-0.273689693104859,0.167951071114483,-0.00740395940501179
8021,스넥,amt,leave_one_block_out,8,-0.53300614339072,0.525578477670089,-1.58308338096387,0.174126062974814,-0.0147065433801864
8021,스넥,amt,leave_one_block_out,9,2.89009278021297,0.785781655626925,1.39121115536238,4.20000898990892,0.429659929493321
8021,스넥,amt,sequential,2,2.44614039898703,0.54538794750668,1.74012333820069,3.27819067637331,0.124117464731545
8021,스넥,amt,sequential,3,5.23130529699946,0.438452039468179,4.4028956193159,5.64810086013915,0.299447466703471
8021,스넥,amt,sequential,4,0.730061810706417,0.624140791441302,-0.460405589843843,1.87648266475077,0.0828994332094695
8021,스넥,amt,sequential,5,1.58967693592058,0.130474221879864,1.41946764863583,1.83611616964033,0.122423034851761
8021,스넥,amt,sequential,6,0.0650529647177528,0.11253824688352,-0.0841566436431934,0.268726177239342,0.0106131598349702
8021,스넥,amt,sequential,7,0.219474758921725,0.182567192022287,-0.0349024486108712,0.43134875751342,0.0194549112443946
8021,스넥,amt,sequential,8,1.16457220178095,0.587328428426985,-0.178593521458717,1.79759249609217,0.050997620057925
8021,스넥,amt,sequential,9,2.89009278021297,0.785781655626925,1.39121115536238,4.20000898990892,0.429659929493321
8021,스넥,amt,sequential,10,-0.216971327014404,0.177226488622427,-0.442961858819052,0.0602701916021992,-0.0171231461252257
8021,스넥,cnt,leave_one_block_out,1,18.1991240269985,1.41455862054091,16.0537607069673,19.8784003330343,0.697875364711576
8021,스넥,cnt,leave_one_block_out,2,-1.12123486259845,0.659304096092347,-2.25055810388564,-0.182956230818859,-0.154114204938126
8021,스넥,cnt,leave_one_block_out,3,-0.0413255069460408,0.521806020078706,-0.834876475295696,0.917444409378937,0.000119464916517764
8021,스넥,cnt,leave_one_block_out,4,-1.1246346522642,0.577537643323241,-1.92373455831261,-0.302761065748125,-0.161946277152657
8021,스넥,cnt,leave_one_block_out,5,2.21631556963088,0.388590737481258,1.58456548759353,2.72818171462355,0.223606778174066
8021,스넥,cnt,leave_one_block_out,6,0.611470706888091,0.334633500590148,0.233373276396945,1.30254612352886,0.0388845573432581
8021,스넥,cnt,leave_one_block_out,7,-0.317605534244058,0.282361766276657,-0.670801831074436,0.0331033619171806,-0.0429747536056051
8021,스넥,cnt,leave_one_block_out,8,-0.86578160800198,0.698393561366245,-1.83460757089582,-0.0597051519394071,-0.0441168600549535
8021,스넥,cnt,leave_one_block_out,9,4.13123968525451,1.01610970116329,2.48230819157855,5.63166841689896,0.397007895187738
8021,스넥,cnt,sequential,2,4.00183830289461,0.625064309152117,3.12161333519439,4.99712179203352,0.148636782662686
8021,스넥,cnt,sequential,3,4.5268932048544,0.721112493208107,3.42417118318195,5.24913310866518,0.168011833054733
8021,스넥,cnt,sequential,4,-0.165243359587632,0.889710785091561,-1.77895779480307,1.44996637476818,0.0541757282138099
8021,스넥,cnt,sequential,5,3.11884716372526,0.325454362367336,2.6173863951273,3.70951294820573,0.187267350369715
8021,스넥,cnt,sequential,6,0.1904062545955,0.174055397272732,-0.0585621405319314,0.423364257515779,0.0193590900856667
8021,스넥,cnt,sequential,7,0.265566202649601,0.222084138522417,-0.0357486459330258,0.571742978191758,0.0187690128056507
8021,스넥,cnt,sequential,8,1.33638968485756,0.741192410922684,-0.200288438644097,2.21606613933414,0.00329575037543159
8021,스넥,cnt,sequential,9,4.13123968525451,1.01610970116329,2.48230819157855,5.63166841689896,0.397007895187738
8021,스넥,cnt,sequential,10,-0.234938505533568,0.266362980908257,-0.59496517366556,0.125388949033275,-0.00811412293493485
8021,스넥,ticket,leave_one_block_out,1,0.121069029067197,0.166671268576536,-0.11896902938469,0.389240044737506,0.0150806458025844
8021,스넥,ticket,leave_one_block_out,2,-0.215539846701465,0.113239418124992,-0.414339384037203,-0.0681123779598641,-0.0429733356427997
8021,스넥,ticket,leave_one_block_out,3,0.42817249409617,0.141677464867699,0.175656398486752,0.669042202138136,0.0881851086604201
8021,스넥,ticket,leave_one_block_out,4,0.661211103166492,0.294542695859575,0.372869471237727,1.32726164470514,0.167844858414431
8021,스넥,ticket,leave_one_block_out,5,0.236855661996497,0.189256067201962,-0.128602926401364,0.602033617035938,0.0410161712121429
8021,스넥,ticket,leave_one_block_out,6,0.208713162654099,0.123071432881306,-0.0403032811372828,0.410240719091454,0.0257915276371674
8021,스넥,ticket,leave_one_block_out,7,-0.166352373235502,0.105685326492642,-0.318557926197702,-0.000527966719393591,-0.0262940893647277
8021,스넥,ticket,leave_one_block_out,8,-0.471796523922304,0.252887867342025,-0.869076001197087,-0.141922519787163,-0.0638207141664623
8021,스넥,ticket,leave_one_block_out,9,0.00502546122357269,0.345347431877407,-0.570464240352836,0.434979298294795,0.0388767049036303
8021,스넥,ticket,sequential,2,1.48735835506315,0.21851719125945,0.982881254988734,1.67571822519242,0.101849342141546
8021,스넥,ticket,sequential,3,-0.129345678759468,0.0675486114121934,-0.251575328257511,-0.0182935974674808,-0.000739537706767668
8021,스넥,ticket,sequential,4,0.123430845031686,0.145850188359976,-0.109258479241886,0.345061702751019,0.0873841263804314
8021,스넥,ticket,sequential,5,0.193895214887642,0.109991390673363,0.00250339885172618,0.419985289972198,0.0279036034082422
8021,스넥,ticket,sequential,6,0.224792107970992,0.0936638808447686,0.0674767705209411,0.339171715718253,0.0378055615907573
8021,스넥,ticket,sequential,7,-0.0700120206928839,0.110610842135843,-0.229212495190466,0.0762406500789126,-0.0193829168159799
8021,스넥,ticket,sequential,8,-0.266873932054123,0.180258816847615,-0.556793393940185,-0.0603924153954008,-0.044820342636392
8021,스넥,ticket,sequential,9,0.00502546122357269,0.345347431877407,-0.570464240352836,0.434979298294795,0.0388767049036303
8021,스넥,ticket,sequential,10,-0.000309678499653548,0.0570184635171815,-0.0952559521746263,0.0593158452453127,-0.0012665478826649
8301,제과점,amt,leave_one_block_out,1,16.7184056767886,1.59920595911815,13.8360918027524,19.1418916511018,0.475211899611134
8301,제과점,amt,leave_one_block_out,2,-1.65459226550572,0.851594859722138,-2.74085536894567,-0.636738281465926,-0.0747645520594487
8301,제과점,amt,leave_one_block_out,3,-0.230796568907004,0.31063468787958,-0.814470040986592,0.19495160031287,-0.00953812918976755
8301,제과점,amt,leave_one_block_out,4,-1.33224973253433,0.926633884042937,-3.27124371919515,-0.533294191971431,-0.0916662034642042
8301,제과점,amt,leave_one_block_out,5,0.218996305100697,0.361704301062179,-0.181597338070805,0.88329070192748,0.0363138700486595
8301,제과점,amt,leave_one_block_out,6,0.693993971485592,0.47183132336819,0.0619874218031613,1.37696172430772,-0.00408730235721126
8301,제과점,amt,leave_one_block_out,7,0.0339270335477346,0.216306068148414,-0.289948221799402,0.356056865870608,0.00183208065789245
8301,제과점,amt,leave_one_block_out,8,-0.266624873424877,0.703759424983762,-1.51745080503268,0.754065118510511,0.021374171954475
8301,제과점,amt,leave_one_block_out,9,0.965886438002866,0.765178290369347,-0.286205625201463,2.20125015667107,-0.0277796250329338
8301,제과점,amt,sequential,2,5.29439685278715,0.58391671272722,4.63136091543803,6.42986073754621,0.134898095001722
8301,제과점,amt,sequential,3,3.36227912930714,0.472915984487344,2.56885540128596,3.90552957419841,0.0621734072373497
8301,제과점,amt,sequential,4,1.30057149049276,0.485400817836481,0.481433808830173,2.02519043377936,0.0421843745034439
8301,제과점,amt,sequential,5,1.62367330501223,0.491178855148756,0.910727357096441,2.39854832601553,0.0814044490409821
8301,제과점,amt,sequential,6,0.747499768455516,0.303692413630279,0.27547126453123,1.22546104435061,-0.0298654979320798
8301,제과점,amt,sequential,7,0.185198452873961,0.327550811395245,-0.395993265750816,0.803462493176299,0.0265158982853343
8301,제과점,amt,sequential,8,1.4867743562663,0.71432525927277,-0.140599406515191,2.36082975688121,0.0943678870645629
8301,제과점,amt,sequential,9,0.965886438002866,0.765178290369347,-0.286205625201463,2.20125015667107,-0.0277796250329338
8301,제과점,amt,sequential,10,-0.201626485637555,0.148811763511916,-0.436117612138853,-0.0711803716959558,-0.0113989770822793
8301,제과점,cnt,leave_one_block_out,1,17.9641275071438,1.41965510262269,15.1685244559482,19.7672711811433,0.69461719395181
8301,제과점,cnt,leave_one_block_out,2,-1.68927339605553,0.641724752529322,-2.66083046867656,-0.815252629956623,-0.311292190232328
8301,제과점,cnt,leave_one_block_out,3,-0.304284374492965,0.338629424859212,-0.841018212758232,0.0507318740864349,-0.0478447380122188
8301,제과점,cnt,leave_one_block_out,4,-1.12397917595609,1.00318178280564,-3.2585360828551,0.000766670180396556,-0.21801119680477
8301,제과점,cnt,leave_one_block_out,5,0.125324751793834,0.253182090981283,-0.301661742224993,0.650370452530227,0.0550410101207545
8301,제과점,cnt,leave_one_block_out,6,0.465932579599915,0.358341943783556,-0.0516196520141871,1.20838931045223,-0.000549180138858563
8301,제과점,cnt,leave_one_block_out,7,0.153577812654753,0.251788372743666,-0.128786801153963,0.666753051330468,0.0131866161421583
8301,제과점,cnt,leave_one_block_out,8,0.387608120328625,0.660230231930326,-0.466147599180039,1.38738784556166,0.0881638771527787
8301,제과점,cnt,leave_one_block_out,9,2.33567647341261,0.705611678140883,1.54768456097242,3.73988118970673,0.112449491139192
8301,제과점,cnt,sequential,2,6.80085709260634,0.69877574620077,5.9488343315197,8.21230773622161,0.273329425044652
8301,제과점,cnt,sequential,3,3.57377115546705,0.528938907264359,2.58089713294847,4.13016487392487,0.0619762535160666
8301,제과점,cnt,sequential,4,1.1274062522004,0.668709358986835,-0.0600448815535559,2.02770759626976,0.115125056884308
8301,제과점,cnt,sequential,5,2.53784212077255,0.382592600022996,1.89543214880162,3.10433086514079,0.162230146284293
8301,제과점,cnt,sequential,6,0.340437974040009,0.285063680981743,-0.101414468162234,0.796481605668531,-0.0535765284293958
8301,제과점,cnt,sequential,7,0.155715951590807,0.222953192194703,-0.095456625699078,0.628502800342878,0.0481749267537438
8301,제과점,cnt,sequential,8,2.24222465882434,0.766165164437567,0.573536956323106,3.22785489454824,0.225654370335533
8301,제과점,cnt,sequential,9,2.33567647341261,0.705611678140883,1.54768456097242,3.73988118970673,0.112449491139192
8301,제과점,cnt,sequential,10,-0.140714843276292,0.139996871457585,-0.411744021050789,0.0165271936151484,-0.014033895122957
8301,제과점,ticket,leave_one_block_out,1,-0.0119432569528713,0.0456256411723718,-0.0787126866518092,0.0638893670344448,-0.00852684860005385
8301,제과점,ticket,leave_one_block_out,2,-0.220336017446588,0.0719429808918768,-0.330216130338844,-0.0920415869033547,-0.027789171559603
8301,제과점,ticket,leave_one_block_out,3,-0.106421310428305,0.069694530193956,-0.276299290518417,-0.0337323024161618,-0.00833973609009203
8301,제과점,ticket,leave_one_block_out,4,-0.253838043442337,0.143239791912,-0.481005894255225,-0.0812822147065975,-0.0293360179108622
8301,제과점,ticket,leave_one_block_out,5,-0.0992897421043681,0.089701208614365,-0.270336788749212,-0.000795150049058557,0.00223527462474675
8301,제과점,ticket,leave_one_block_out,6,-0.0163696024182468,0.0404826840294904,-0.0882933857442411,0.0367304443365926,-0.000174634737836032
8301,제과점,ticket,leave_one_block_out,7,-0.0644522002311233,0.0447778630582498,-0.120425354414797,-0.00226242766348528,-0.0122519462679422
8301,제과점,ticket,leave_one_block_out,8,-0.224996687458049,0.176245859469539,-0.511983008605686,-0.011871675930894,-0.047645921725028
8301,제과점,ticket,leave_one_block_out,9,0.485259470738844,0.23109309553876,-0.000781334198653172,0.777287822941229,0.00843822990472407
8301,제과점,ticket,sequential,2,2.30861820338736,0.0837111231277907,2.16805457925626,2.45544699294938,0.311221078612178
8301,제과점,ticket,sequential,3,0.0346547757347755,0.0409940284864254,-0.0265862845720347,0.0903483697135846,0.0010646631124504
8301,제과점,ticket,sequential,4,0.132839130694846,0.0815939721626919,0.0519503165337235,0.292440563006817,0.0145610679787975
8301,제과점,ticket,sequential,5,0.229209286951895,0.0725109484339234,0.13021473166042,0.349716584077443,0.0447725070922293
8301,제과점,ticket,sequential,6,-0.0584391562552823,0.0520106554296844,-0.156816618204368,-0.00833005458783093,-0.0139788268969002
8301,제과점,ticket,sequential,7,-0.110995083678294,0.0590569664212063,-0.226347267410423,-0.0444900572953988,-0.0165119461583099
8301,제과점,ticket,sequential,8,-0.292958664797441,0.0864539789857757,-0.460160948209241,-0.183544345127021,-0.0487651904361717
8301,제과점,ticket,sequential,9,0.485259470738844,0.23109309553876,-0.000781334198653172,0.777287822941229,0.00843822990472407
8301,제과점,ticket,sequential,10,-0.0729795506784424,0.0357936246668824,-0.154623850697229,-0.0358167002273091,-0.0111340835828542
all11_observed,all11_observed,amt,leave_one_block_out,1,20.2316076078014,1.3164945233564,18.5279776860836,23.1435790888932,0.868399877664853
all11_observed,all11_observed,amt,leave_one_block_out,2,-0.575639525181158,0.351794072729501,-1.1839044358915,-0.0907459915161682,-0.0797242040638875
all11_observed,all11_observed,amt,leave_one_block_out,3,-0.112997655579936,0.118469099653159,-0.38385975520951,0.0167606305795182,-0.0143161227968943
all11_observed,all11_observed,amt,leave_one_block_out,4,-0.209571143775952,0.281082890411501,-0.782470194030187,0.134569771715391,-0.0281226797482137
all11_observed,all11_observed,amt,leave_one_block_out,5,0.505365031799186,0.197298503822848,0.191652663362518,0.781117267644328,0.048314175903289
all11_observed,all11_observed,amt,leave_one_block_out,6,0.192161679606811,0.279559727458114,-0.158626204362744,0.693000542177971,0.125283988418701
all11_observed,all11_observed,amt,leave_one_block_out,7,-0.1823996654261,0.182635883941921,-0.52078584775201,0.0644810338133864,-0.0236270890097507
all11_observed,all11_observed,amt,leave_one_block_out,8,0.0602173543859636,0.454768292626204,-0.43072091096745,0.765248914709153,0.053546438420945
all11_observed,all11_observed,amt,leave_one_block_out,9,2.43488125079836,0.550115609889856,1.71065861777105,3.21926742032231,0.371247837004368
all11_observed,all11_observed,amt,sequential,2,1.67414341186069,0.414006797010981,0.87915241682478,2.16280688925493,0.101390464161492
all11_observed,all11_observed,amt,sequential,3,5.63944962305928,0.375970845518187,5.19073664192829,6.49363336474255,0.39107841263971
all11_observed,all11_observed,amt,sequential,4,2.86691036012167,0.305312371353342,2.38985007462603,3.27079621604408,0.198798712428379
all11_observed,all11_observed,amt,sequential,5,1.98012201930424,0.17474941460301,1.76496634416892,2.29931512896592,0.17962780943135
all11_observed,all11_observed,amt,sequential,6,0.859926085973504,0.207551029525963,0.503720247521047,1.19164335143151,0.0968329606963885
all11_observed,all11_observed,amt,sequential,7,0.11869835437639,0.208608935295061,-0.128787791594465,0.392976430904085,0.0215453417576833
all11_observed,all11_observed,amt,sequential,8,1.19960725625496,0.412194840280225,0.792912948929184,1.97997381504214,0.147116474195689
all11_observed,all11_observed,amt,sequential,9,2.43488125079836,0.550115609889856,1.71065861777105,3.21926742032231,0.371247837004368
all11_observed,all11_observed,amt,sequential,10,0.0390970514196756,0.110226682410526,-0.146572326514043,0.194263638541971,-0.00109831012003271
all11_observed,all11_observed,cnt,leave_one_block_out,1,21.0431611142574,1.29397082666527,19.3382823052215,23.2329953761304,0.88777888823798
all11_observed,all11_observed,cnt,leave_one_block_out,2,-0.466832496496981,0.328866024862158,-1.08774146490609,-0.131707260786559,-0.197229434007248
all11_observed,all11_observed,cnt,leave_one_block_out,3,-0.141531912600001,0.0799566567270864,-0.29833064338223,-0.0468419274545884,-0.00904729455187697
all11_observed,all11_observed,cnt,leave_one_block_out,4,-0.399516128365615,0.1902032551495,-0.69120422485321,-0.012525581117491,-0.0431321112684891
all11_observed,all11_observed,cnt,leave_one_block_out,5,0.930842847782995,0.134824286782557,0.692849981157977,1.13066166483835,0.0982198525381462
all11_observed,all11_observed,cnt,leave_one_block_out,6,0.409575443885544,0.220020292217809,0.184657614777409,0.869991841091471,0.188920484439526
all11_observed,all11_observed,cnt,leave_one_block_out,7,0.0150958057204711,0.0511994660209272,-0.0721653150207321,0.0901380516865072,-0.0261774823315947
all11_observed,all11_observed,cnt,leave_one_block_out,8,0.947419809768314,0.207372265043747,0.648074717505487,1.28184194535301,0.196824609231818
all11_observed,all11_observed,cnt,leave_one_block_out,9,3.95134733554136,0.482140360473713,3.1107955598818,4.72742044325776,0.476946083557313
all11_observed,all11_observed,cnt,sequential,2,2.07043686570796,0.432766303931546,1.37046153440803,2.72533782591404,0.106554597974065
all11_observed,all11_observed,cnt,sequential,3,5.71663547612777,0.444963616206807,4.88736273408618,6.43378942450888,0.392009931853802
all11_observed,all11_observed,cnt,sequential,4,1.16211828107644,0.320244321050232,0.515456106801968,1.71834385287072,0.0736784689357005
all11_observed,all11_observed,cnt,sequential,5,3.05223078070873,0.22361570183062,2.70666874284124,3.49931596964769,0.26564860076596
all11_observed,all11_observed,cnt,sequential,6,0.261910048372633,0.201469106088202,-0.00466730759101364,0.583895817575641,0.0066013074647122
all11_observed,all11_observed,cnt,sequential,7,0.381207659708257,0.168700106853275,0.104634305242754,0.579449182087316,0.0385343062965669
all11_observed,all11_observed,cnt,sequential,8,1.90928149903983,0.534963001361104,1.01614749101457,2.59628098631222,0.249942019636522
all11_observed,all11_observed,cnt,sequential,9,3.95134733554136,0.482140360473713,3.1107955598818,4.72742044325776,0.476946083557313
all11_observed,all11_observed,cnt,sequential,10,-0.0730601831033087,0.0642404984242114,-0.186193953969005,0.0435311651087039,-0.0198832165602006
all11_observed,all11_observed,ticket,leave_one_block_out,1,-0.0353911631987466,0.0415792375827671,-0.0987213581990734,0.0247303591023637,-0.00424514609990387
all11_observed,all11_observed,ticket,leave_one_block_out,2,0.101282791068684,0.182687639224642,-0.0899750404271635,0.416027631263922,0.0349344772668434
all11_observed,all11_observed,ticket,leave_one_block_out,3,-0.0329650089468127,0.092544057172005,-0.223457453063142,0.0959992978042029,0.00375349474417604
all11_observed,all11_observed,ticket,leave_one_block_out,4,-0.0345660143701745,0.136820481435282,-0.264723905742803,0.194788512484129,-0.0132635639418401
all11_observed,all11_observed,ticket,leave_one_block_out,5,-0.0299254553525678,0.0514660540155304,-0.104532882630058,0.0685189860851546,-0.00589643536398256
all11_observed,all11_observed,ticket,leave_one_block_out,6,0.537276423195136,0.197169332272256,0.311465977243293,0.889330192510093,0.100446191788629
all11_observed,all11_observed,ticket,leave_one_block_out,7,-0.0637341532165539,0.0568831059844916,-0.160374614625357,0.00581247201405788,-0.0120187516051393
all11_observed,all11_observed,ticket,leave_one_block_out,8,-0.312084247953627,0.143130331101699,-0.650319203728944,-0.175237813701405,-0.07880165274057
all11_observed,all11_observed,ticket,leave_one_block_out,9,0.029737990289868,0.194096010263116,-0.293172368199432,0.264426456117531,-0.0227433653143866
all11_observed,all11_observed,ticket,sequential,2,1.39432289200831,0.0778947205826006,1.25903715341194,1.49496312787342,0.178940080507068
all11_observed,all11_observed,ticket,sequential,3,0.262905256888563,0.0310311636236323,0.203817171454639,0.327062024372513,0.0502796477819231
all11_observed,all11_observed,ticket,sequential,4,0.785387008154138,0.142009826087653,0.529057554646868,0.986580698385377,0.116258237001987
all11_observed,all11_observed,ticket,sequential,5,0.322603847829669,0.0747858523278414,0.243333175022296,0.474068697642875,0.0364333877786829
all11_observed,all11_observed,ticket,sequential,6,0.441262164884979,0.172724781657361,0.163017674235466,0.662076265054419,0.097126144816726
all11_observed,all11_observed,ticket,sequential,7,-0.0133398828893465,0.0544481511158804,-0.0744107640943042,0.0718097156463163,-0.010478193342331
all11_observed,all11_observed,ticket,sequential,8,-0.114504006132789,0.155691514927977,-0.450911361533426,0.0285944011262404,-0.0114375629613336
all11_observed,all11_observed,ticket,sequential,9,0.029737990289868,0.194096010263116,-0.293172368199432,0.264426456117531,-0.0227433653143866
all11_observed,all11_observed,ticket,sequential,10,-0.0140875984512673,0.0526311244751414,-0.0914037317460412,0.0591443825697438,0.00730547518270461
core9,core9,amt,leave_one_block_out,1,19.8860853258466,1.14914563127586,18.4935847974185,22.4599340412653,0.866324490706279
core9,core9,amt,leave_one_block_out,2,-0.530797894676521,0.337977267355946,-1.07388374135744,-0.0706238469220161,-0.0749352579083819
core9,core9,amt,leave_one_block_out,3,-0.070105086929779,0.124912778195691,-0.36896789692418,0.0331278459790751,-0.0134860525259756
core9,core9,amt,leave_one_block_out,4,-0.189471053574704,0.266014211548061,-0.701269190754204,0.114059219208656,-0.0342671238794876
core9,core9,amt,leave_one_block_out,5,0.52295544278111,0.19796206289322,0.201944202437096,0.760969687080784,0.0564150374000108
core9,core9,amt,leave_one_block_out,6,0.223733434198801,0.276046247981301,-0.175899522662239,0.77995439794136,0.124978154049414
core9,core9,amt,leave_one_block_out,7,-0.168110984420884,0.149803575010681,-0.412376771116807,0.0535718755935985,-0.0218121265306495
core9,core9,amt,leave_one_block_out,8,0.0846222069755419,0.418295674544312,-0.404705286202084,0.706376781341486,0.0537314674494553
core9,core9,amt,leave_one_block_out,9,2.47586987509034,0.582588158102209,1.71559146862785,3.32729785694115,0.375669974644544
core9,core9,amt,sequential,2,1.66623969931766,0.414198179431459,0.869195779830317,2.1589081093452,0.100776949240869
core9,core9,amt,sequential,3,5.64130669054556,0.375056573210493,5.19765600371781,6.49062223112139,0.392313612592773
core9,core9,amt,sequential,4,2.87010382971148,0.304161207987392,2.39474765918555,3.27698324672847,0.199465144518838
core9,core9,amt,sequential,5,1.97853970534111,0.175588030476743,1.76616185394559,2.29818296592016,0.180067125824735
core9,core9,amt,sequential,6,0.765113980552837,0.23395401603289,0.322374631688466,1.14157532398739,0.0600221512774135
core9,core9,amt,sequential,7,0.154202072450665,0.266686536894571,-0.195919752946314,0.509020920743464,0.0344784346093335
core9,core9,amt,sequential,8,1.21625975275228,0.39141636068101,0.628666871022915,1.86529702347837,0.160478185897002
core9,core9,amt,sequential,9,2.47586987509034,0.582588158102209,1.71559146862785,3.32729785694115,0.375669974644544
core9,core9,amt,sequential,10,0.0433123594000841,0.120880140909086,-0.128416095883085,0.232243926156377,0.00132883185601521
core9,core9,cnt,leave_one_block_out,1,20.7910365911868,1.12728100734402,19.4690788447453,22.7034833339902,0.887418181829266
core9,core9,cnt,leave_one_block_out,2,-0.31120784514316,0.298810536871765,-0.961312947146865,0.000685174118049414,-0.191118215499761
core9,core9,cnt,leave_one_block_out,3,-0.111250534998964,0.0768031386445314,-0.281211186259987,-0.0192073248899818,-0.0040948581405187
core9,core9,cnt,leave_one_block_out,4,-0.379064003598003,0.166895880001592,-0.58196006608737,-0.0658545248256953,-0.0344855315736775
core9,core9,cnt,leave_one_block_out,5,0.927582503116344,0.179717236612435,0.613161245015256,1.29428949121696,0.0944490721131677
core9,core9,cnt,leave_one_block_out,6,0.601829998842733,0.234888012456922,0.292407193295247,1.05163021300881,0.204992196320094
core9,core9,cnt,leave_one_block_out,7,-0.00082843919926634,0.0477032707451391,-0.072250884963565,0.0888306649842865,-0.0315252541417369
core9,core9,cnt,leave_one_block_out,8,0.979565667646792,0.238211939123662,0.598698247692782,1.30112111986482,0.202220759286312
core9,core9,cnt,leave_one_block_out,9,4.08460139543686,0.467593424752328,3.29577242682305,4.85868798115715,0.485260268430405
core9,core9,cnt,sequential,2,2.06962085624144,0.43284475924962,1.36976517796847,2.72465766367523,0.106400777224963
core9,core9,cnt,sequential,3,5.71780968891046,0.444346678520305,4.89087253882093,6.4348573932372,0.39231944465853
core9,core9,cnt,sequential,4,1.16141788939524,0.319939945639215,0.515504831584548,1.71785833797437,0.0736181092996277
core9,core9,cnt,sequential,5,3.05150010286935,0.224003798225707,2.70480643066291,3.49926068757455,0.265774674220737
core9,core9,cnt,sequential,6,0.169589460062012,0.173019609512529,-0.0822410390149492,0.418904149939384,-0.019821298318836
core9,core9,cnt,sequential,7,0.436022027273896,0.159938034619936,0.140961973559878,0.602778283827043,0.0505898686196424
core9,core9,cnt,sequential,8,1.99773632143864,0.492528847652948,1.17896751410898,2.61931655806426,0.261910368797849
core9,core9,cnt,sequential,9,4.08460139543686,0.467593424752328,3.29577242682305,4.85868798115715,0.485260268430405
core9,core9,cnt,sequential,10,-0.0874460056610202,0.0541922722238294,-0.18602210350413,-0.00793667865405107,-0.0220227939598394
core9,core9,ticket,leave_one_block_out,1,-0.0333267906224009,0.0430512628935335,-0.0943096136948249,0.021946628227297,-0.00423917890333961
core9,core9,ticket,leave_one_block_out,2,0.197259482009991,0.194090022883576,-0.200049833432976,0.462340857143693,0.0496562467190063
core9,core9,ticket,leave_one_block_out,3,0.0123481741406792,0.146269790496794,-0.30300147043171,0.21621425106495,0.0185572148762798
core9,core9,ticket,leave_one_block_out,4,-0.0113138613800777,0.174076828286155,-0.28014429089453,0.302190218154567,-0.00836253882448146
core9,core9,ticket,leave_one_block_out,5,-0.0343378949128303,0.068285938447248,-0.134396069894954,0.0808119165922994,-0.00583226008413386
core9,core9,ticket,leave_one_block_out,6,0.579498660183134,0.14249939427863,0.391685710621506,0.842304662774965,0.0854368854351096
core9,core9,ticket,leave_one_block_out,7,-0.0482388841223806,0.0303770184233893,-0.0868231926757349,0.00997646845615624,-0.00985482563751569
core9,core9,ticket,leave_one_block_out,8,-0.323091660490796,0.170939418820039,-0.701143040889112,-0.139326624690371,-0.090061405619027
core9,core9,ticket,leave_one_block_out,9,0.0560521528762985,0.184893072117789,-0.290733647821895,0.250243756429736,-0.0282774065986894
core9,core9,ticket,sequential,2,1.38601498896168,0.0778244764810462,1.25148287554637,1.48881624946487,0.177885873713996
core9,core9,ticket,sequential,3,0.265805952385608,0.0308624547427009,0.207066902994013,0.329748455123866,0.0507633780740015
core9,core9,ticket,sequential,4,0.781815289052213,0.142461558466759,0.527624542141138,0.982619235015578,0.115437010647833
core9,core9,ticket,sequential,5,0.321816329781851,0.0744228007527204,0.24352109923283,0.474019463103816,0.0366026191140789
core9,core9,ticket,sequential,6,0.411284237772341,0.14437299884093,0.175047305036027,0.543269930873799,0.0892119989098063
core9,core9,ticket,sequential,7,0.0178008879669804,0.0433501569858136,-0.0307599929575783,0.0904902168122265,-0.00900391638643691
core9,core9,ticket,sequential,8,-0.0929330309107927,0.160132026888069,-0.433663186935318,0.0827145403533389,-0.012982938745488
core9,core9,ticket,sequential,9,0.0560521528762985,0.184893072117789,-0.290733647821895,0.250243756429736,-0.0282774065986894
core9,core9,ticket,sequential,10,-0.00891450629815313,0.0506332613618523,-0.0765737732873834,0.0735363782631351,0.0103133486794312
